id,rf,norm_rf,weighted_rf,kf_score,n_tips,marker,method,runtime_seconds,gpu_memory_mb,seq_length_actual,model,clock_rate,tree_height,tree_size,seq_length,saved_at
17_10_tips,4.0,0.2857142857142857,0.5112741399999999,0.1843292372088242,10,,Phyloformer,3.6900577545166016,0.0,20,Cherry,0.5,1.0,10,20,2026-10-06T04:33:30.591773
8_10_tips,8.0,0.5714285714285714,0.68791593,0.4524905678960297,10,,Phyloformer,3.6900577545166016,0.0,20,Cherry,0.5,1.0,10,20,2026-10-06T04:33:30.591773
14_10_tips,8.0,0.5714285714285714,0.51294811,0.2210368437395216,10,,Phyloformer,3.6900577545166016,0.0,20,Cherry,0.5,1.0,10,20,2026-10-06T04:33:30.591773
16_10_tips,2.0,0.1428571428571428,0.94585574,0.4362418074267324,10,,Phyloformer,3.6900577545166016,0.0,20,Cherry,0.5,1.0,10,20,2026-10-06T04:33:30.591773
1_10_tips,8.0,0.5714285714285714,0.59201314,0.3382852184788806,10,,Phyloformer,3.6900577545166016,0.0,20,Cherry,0.5,1.0,10,20,2026-10-06T04:33:30.591773
5_10_tips,2.0,0.1428571428571428,0.4314333600000001,0.2063717447223572,10,,Phyloformer,3.6900577545166016,0.0,20,Cherry,0.5,1.0,10,20,2026-10-06T04:33:30.591773
3_10_tips,4.0,0.2857142857142857,0.5127073000000001,0.2293690531900679,10,,Phyloformer,3.6900577545166016,0.0,20,Cherry,0.5,1.0,10,20,2026-10-06T04:33:30.591773
7_10_tips,4.0,0.2857142857142857,0.62316738,0.2878735396539474,10,,Phyloformer,3.6900577545166016,0.0,20,Cherry,0.5,1.0,10,20,2026-10-06T04:33:30.591773
4_10_tips,8.0,0.5714285714285714,0.27134551,0.1316121478948417,10,,Phyloformer,3.6900577545166016,0.0,20,Cherry,0.5,1.0,10,20,2026-10-06T04:33:30.591773
11_10_tips,6.0,0.4285714285714285,0.4599537000000001,0.1951259260006224,10,,Phyloformer,3.6900577545166016,0.0,20,Cherry,0.5,1.0,10,20,2026-10-06T04:33:30.591773
9_10_tips,12.0,0.8571428571428571,0.4269894199999999,0.2659501920580315,10,,Phyloformer,3.6900577545166016,0.0,20,Cherry,0.5,1.0,10,20,2026-10-06T04:33:30.591773
15_10_tips,0.0,0.0,0.39496852,0.2213119001811371,10,,Phyloformer,3.6900577545166016,0.0,20,Cherry,0.5,1.0,10,20,2026-10-06T04:33:30.591773
12_10_tips,8.0,0.5714285714285714,0.51434596,0.2337487084056029,10,,Phyloformer,3.6900577545166016,0.0,20,Cherry,0.5,1.0,10,20,2026-10-06T04:33:30.591773
13_10_tips,2.0,0.1428571428571428,0.72385956,0.464678171879412,10,,Phyloformer,3.6900577545166016,0.0,20,Cherry,0.5,1.0,10,20,2026-10-06T04:33:30.591773
2_10_tips,4.0,0.2857142857142857,0.8156537100000001,0.4783772597678204,10,,Phyloformer,3.6900577545166016,0.0,20,Cherry,0.5,1.0,10,20,2026-10-06T04:33:30.591773
19_10_tips,6.0,0.4285714285714285,0.65219675,0.3262423549100673,10,,Phyloformer,3.6900577545166016,0.0,20,Cherry,0.5,1.0,10,20,2026-10-06T04:33:30.591773
0_10_tips,4.0,0.2857142857142857,0.44764319,0.2227149464058833,10,,Phyloformer,3.6900577545166016,0.0,20,Cherry,0.5,1.0,10,20,2026-10-06T04:33:30.591773
10_10_tips,6.0,0.4285714285714285,0.6228784500000001,0.2481817978524438,10,,Phyloformer,3.6900577545166016,0.0,20,Cherry,0.5,1.0,10,20,2026-10-06T04:33:30.591773
6_10_tips,4.0,0.2857142857142857,0.59342227,0.3207843606267817,10,,Phyloformer,3.6900577545166016,0.0,20,Cherry,0.5,1.0,10,20,2026-10-06T04:33:30.591773
18_10_tips,10.0,0.7142857142857143,0.6113115199999998,0.3240130340301624,10,,Phyloformer,3.6900577545166016,0.0,20,Cherry,0.5,1.0,10,20,2026-10-06T04:33:30.591773
17_10_tips,0.0,0.0,0.49764697,0.259329751478019,10,,Phyloformer,3.5984480381011963,0.0,24,Cherry,0.5,1.0,10,25,2026-10-06T04:33:41.595752
5_10_tips,4.0,0.2857142857142857,0.7943964300000002,0.3941465966293058,10,,Phyloformer,3.5984480381011963,0.0,24,Cherry,0.5,1.0,10,25,2026-10-06T04:33:41.595752
8_10_tips,2.0,0.1428571428571428,0.46559857,0.3348442382832634,10,,Phyloformer,3.5984480381011963,0.0,24,Cherry,0.5,1.0,10,25,2026-10-06T04:33:41.595752
3_10_tips,6.0,0.4285714285714285,0.3428050199999999,0.1856551995617666,10,,Phyloformer,3.5984480381011963,0.0,24,Cherry,0.5,1.0,10,25,2026-10-06T04:33:41.595752
14_10_tips,8.0,0.5714285714285714,0.55584452,0.231827475345119,10,,Phyloformer,3.5984480381011963,0.0,24,Cherry,0.5,1.0,10,25,2026-10-06T04:33:41.595752
7_10_tips,6.0,0.4285714285714285,0.6392844700000001,0.2397268014419883,10,,Phyloformer,3.5984480381011963,0.0,24,Cherry,0.5,1.0,10,25,2026-10-06T04:33:41.595752
16_10_tips,0.0,0.0,0.80350325,0.4140498949827493,10,,Phyloformer,3.5984480381011963,0.0,24,Cherry,0.5,1.0,10,25,2026-10-06T04:33:41.595752
4_10_tips,2.0,0.1428571428571428,0.2970834599999999,0.113227388092114,10,,Phyloformer,3.5984480381011963,0.0,24,Cherry,0.5,1.0,10,25,2026-10-06T04:33:41.595752
1_10_tips,6.0,0.4285714285714285,0.36311705,0.2313099626633264,10,,Phyloformer,3.5984480381011963,0.0,24,Cherry,0.5,1.0,10,25,2026-10-06T04:33:41.595752
11_10_tips,2.0,0.1428571428571428,0.3254049999999999,0.1523086020154679,10,,Phyloformer,3.5984480381011963,0.0,24,Cherry,0.5,1.0,10,25,2026-10-06T04:33:41.595752
2_10_tips,8.0,0.5714285714285714,0.4822363099999999,0.2273965962837093,10,,Phyloformer,3.5984480381011963,0.0,24,Cherry,0.5,1.0,10,25,2026-10-06T04:33:41.595752
9_10_tips,10.0,0.7142857142857143,0.2624506300000001,0.1749305275641758,10,,Phyloformer,3.5984480381011963,0.0,24,Cherry,0.5,1.0,10,25,2026-10-06T04:33:41.595752
19_10_tips,6.0,0.4285714285714285,0.6731927799999999,0.3069190131577638,10,,Phyloformer,3.5984480381011963,0.0,24,Cherry,0.5,1.0,10,25,2026-10-06T04:33:41.595752
15_10_tips,4.0,0.2857142857142857,0.7469598000000001,0.308189703820503,10,,Phyloformer,3.5984480381011963,0.0,24,Cherry,0.5,1.0,10,25,2026-10-06T04:33:41.595752
0_10_tips,8.0,0.5714285714285714,0.3541620299999999,0.2076600885916359,10,,Phyloformer,3.5984480381011963,0.0,24,Cherry,0.5,1.0,10,25,2026-10-06T04:33:41.595752
12_10_tips,6.0,0.4285714285714285,0.46812916,0.2293831250308282,10,,Phyloformer,3.5984480381011963,0.0,24,Cherry,0.5,1.0,10,25,2026-10-06T04:33:41.595752
10_10_tips,4.0,0.2857142857142857,0.57689384,0.2721233125943357,10,,Phyloformer,3.5984480381011963,0.0,24,Cherry,0.5,1.0,10,25,2026-10-06T04:33:41.595752
13_10_tips,8.0,0.5714285714285714,0.38958446,0.1390332665239718,10,,Phyloformer,3.5984480381011963,0.0,24,Cherry,0.5,1.0,10,25,2026-10-06T04:33:41.595752
6_10_tips,4.0,0.2857142857142857,0.32600133,0.1974530172141801,10,,Phyloformer,3.5984480381011963,0.0,24,Cherry,0.5,1.0,10,25,2026-10-06T04:33:41.595752
18_10_tips,6.0,0.4285714285714285,0.5017156199999999,0.2310618913239749,10,,Phyloformer,3.5984480381011963,0.0,24,Cherry,0.5,1.0,10,25,2026-10-06T04:33:41.595752
5_10_tips,0.0,0.0,0.67997758,0.3348064939225226,10,,Phyloformer,3.684544324874878,0.0,50,Cherry,0.5,1.0,10,50,2026-10-06T04:33:52.968109
3_10_tips,4.0,0.2857142857142857,0.4777999799999999,0.2688961371009304,10,,Phyloformer,3.684544324874878,0.0,50,Cherry,0.5,1.0,10,50,2026-10-06T04:33:52.968109
7_10_tips,2.0,0.1428571428571428,0.42044347,0.1808155395168769,10,,Phyloformer,3.684544324874878,0.0,50,Cherry,0.5,1.0,10,50,2026-10-06T04:33:52.968109
17_10_tips,0.0,0.0,0.4854741299999999,0.2294819122537763,10,,Phyloformer,3.684544324874878,0.0,50,Cherry,0.5,1.0,10,50,2026-10-06T04:33:52.968109
4_10_tips,6.0,0.4285714285714285,0.35377598,0.1322588749737997,10,,Phyloformer,3.684544324874878,0.0,50,Cherry,0.5,1.0,10,50,2026-10-06T04:33:52.968109
11_10_tips,4.0,0.2857142857142857,0.3328095799999999,0.1392196026746549,10,,Phyloformer,3.684544324874878,0.0,50,Cherry,0.5,1.0,10,50,2026-10-06T04:33:52.968109
9_10_tips,8.0,0.5714285714285714,0.23360506,0.1223976303453804,10,,Phyloformer,3.684544324874878,0.0,50,Cherry,0.5,1.0,10,50,2026-10-06T04:33:52.968109
8_10_tips,6.0,0.4285714285714285,0.4442652199999999,0.3241905444540105,10,,Phyloformer,3.684544324874878,0.0,50,Cherry,0.5,1.0,10,50,2026-10-06T04:33:52.968109
14_10_tips,4.0,0.2857142857142857,0.45295459,0.2197230053292692,10,,Phyloformer,3.684544324874878,0.0,50,Cherry,0.5,1.0,10,50,2026-10-06T04:33:52.968109
16_10_tips,4.0,0.2857142857142857,0.7578429999999999,0.3846200536475256,10,,Phyloformer,3.684544324874878,0.0,50,Cherry,0.5,1.0,10,50,2026-10-06T04:33:52.968109
1_10_tips,4.0,0.2857142857142857,0.26971623,0.172408276434331,10,,Phyloformer,3.684544324874878,0.0,50,Cherry,0.5,1.0,10,50,2026-10-06T04:33:52.968109
15_10_tips,2.0,0.1428571428571428,0.43451433,0.2134685876086187,10,,Phyloformer,3.684544324874878,0.0,50,Cherry,0.5,1.0,10,50,2026-10-06T04:33:52.968109
12_10_tips,2.0,0.1428571428571428,0.36666989,0.1596115892837299,10,,Phyloformer,3.684544324874878,0.0,50,Cherry,0.5,1.0,10,50,2026-10-06T04:33:52.968109
13_10_tips,4.0,0.2857142857142857,0.5129821799999998,0.3313104771995694,10,,Phyloformer,3.684544324874878,0.0,50,Cherry,0.5,1.0,10,50,2026-10-06T04:33:52.968109
18_10_tips,4.0,0.2857142857142857,0.39712049,0.1569722521431131,10,,Phyloformer,3.684544324874878,0.0,50,Cherry,0.5,1.0,10,50,2026-10-06T04:33:52.968109
0_10_tips,4.0,0.2857142857142857,0.26553394,0.1321461353652364,10,,Phyloformer,3.684544324874878,0.0,50,Cherry,0.5,1.0,10,50,2026-10-06T04:33:52.968109
10_10_tips,0.0,0.0,0.57101998,0.2908167130812151,10,,Phyloformer,3.684544324874878,0.0,50,Cherry,0.5,1.0,10,50,2026-10-06T04:33:52.968109
6_10_tips,2.0,0.1428571428571428,0.3693187,0.2090900089668475,10,,Phyloformer,3.684544324874878,0.0,50,Cherry,0.5,1.0,10,50,2026-10-06T04:33:52.968109
19_10_tips,4.0,0.2857142857142857,0.41497432,0.192170390420322,10,,Phyloformer,3.684544324874878,0.0,50,Cherry,0.5,1.0,10,50,2026-10-06T04:33:52.968109
2_10_tips,4.0,0.2857142857142857,0.49067699,0.3475478483105365,10,,Phyloformer,3.684544324874878,0.0,50,Cherry,0.5,1.0,10,50,2026-10-06T04:33:52.968109
17_10_tips,0.0,0.0,0.4465214199999999,0.205645693624435,10,,Phyloformer,3.606050491333008,0.0,100,Cherry,0.5,1.0,10,100,2026-10-06T04:34:04.117240
5_10_tips,0.0,0.0,0.64151401,0.3549487576795269,10,,Phyloformer,3.606050491333008,0.0,100,Cherry,0.5,1.0,10,100,2026-10-06T04:34:04.117240
8_10_tips,4.0,0.2857142857142857,0.45757135,0.2590888941860949,10,,Phyloformer,3.606050491333008,0.0,100,Cherry,0.5,1.0,10,100,2026-10-06T04:34:04.117240
3_10_tips,4.0,0.2857142857142857,0.52566601,0.2670909347996855,10,,Phyloformer,3.606050491333008,0.0,100,Cherry,0.5,1.0,10,100,2026-10-06T04:34:04.117240
14_10_tips,4.0,0.2857142857142857,0.41865949,0.2037860992864142,10,,Phyloformer,3.606050491333008,0.0,100,Cherry,0.5,1.0,10,100,2026-10-06T04:34:04.117240
7_10_tips,2.0,0.1428571428571428,0.42915955,0.192129451641017,10,,Phyloformer,3.606050491333008,0.0,100,Cherry,0.5,1.0,10,100,2026-10-06T04:34:04.117240
4_10_tips,2.0,0.1428571428571428,0.18940376,0.084208370621909,10,,Phyloformer,3.606050491333008,0.0,100,Cherry,0.5,1.0,10,100,2026-10-06T04:34:04.117240
16_10_tips,2.0,0.1428571428571428,0.7269673400000001,0.3584403237321354,10,,Phyloformer,3.606050491333008,0.0,100,Cherry,0.5,1.0,10,100,2026-10-06T04:34:04.117240
11_10_tips,2.0,0.1428571428571428,0.26115298,0.1255394033749802,10,,Phyloformer,3.606050491333008,0.0,100,Cherry,0.5,1.0,10,100,2026-10-06T04:34:04.117240
1_10_tips,6.0,0.4285714285714285,0.4371380199999999,0.3052736762828029,10,,Phyloformer,3.606050491333008,0.0,100,Cherry,0.5,1.0,10,100,2026-10-06T04:34:04.117240
9_10_tips,4.0,0.2857142857142857,0.28565105,0.2071639422299438,10,,Phyloformer,3.606050491333008,0.0,100,Cherry,0.5,1.0,10,100,2026-10-06T04:34:04.117240
2_10_tips,2.0,0.1428571428571428,0.6405722,0.4256445954452716,10,,Phyloformer,3.606050491333008,0.0,100,Cherry,0.5,1.0,10,100,2026-10-06T04:34:04.117240
15_10_tips,0.0,0.0,0.48405894,0.2309522432128846,10,,Phyloformer,3.606050491333008,0.0,100,Cherry,0.5,1.0,10,100,2026-10-06T04:34:04.117240
19_10_tips,2.0,0.1428571428571428,0.45073522,0.2149278303316022,10,,Phyloformer,3.606050491333008,0.0,100,Cherry,0.5,1.0,10,100,2026-10-06T04:34:04.117240
12_10_tips,4.0,0.2857142857142857,0.35995857,0.1570068698190767,10,,Phyloformer,3.606050491333008,0.0,100,Cherry,0.5,1.0,10,100,2026-10-06T04:34:04.117240
0_10_tips,4.0,0.2857142857142857,0.3009107499999999,0.1464979268169154,10,,Phyloformer,3.606050491333008,0.0,100,Cherry,0.5,1.0,10,100,2026-10-06T04:34:04.117240
13_10_tips,2.0,0.1428571428571428,0.43119293,0.2852412824370479,10,,Phyloformer,3.606050491333008,0.0,100,Cherry,0.5,1.0,10,100,2026-10-06T04:34:04.117240
10_10_tips,2.0,0.1428571428571428,0.5637114900000001,0.2532252182173582,10,,Phyloformer,3.606050491333008,0.0,100,Cherry,0.5,1.0,10,100,2026-10-06T04:34:04.117240
18_10_tips,0.0,0.0,0.47001015,0.2531702830433057,10,,Phyloformer,3.606050491333008,0.0,100,Cherry,0.5,1.0,10,100,2026-10-06T04:34:04.117240
6_10_tips,4.0,0.2857142857142857,0.4481600599999999,0.2533638642370715,10,,Phyloformer,3.606050491333008,0.0,100,Cherry,0.5,1.0,10,100,2026-10-06T04:34:04.117240
5_10_tips,0.0,0.0,0.57617949,0.2982871998545598,10,,Phyloformer,3.627377510070801,0.0,200,Cherry,0.5,1.0,10,200,2026-10-06T04:34:15.567182
17_10_tips,2.0,0.1428571428571428,0.5206593899999999,0.2043160578720383,10,,Phyloformer,3.627377510070801,0.0,200,Cherry,0.5,1.0,10,200,2026-10-06T04:34:15.567182
8_10_tips,0.0,0.0,0.4646336,0.344218187445197,10,,Phyloformer,3.627377510070801,0.0,200,Cherry,0.5,1.0,10,200,2026-10-06T04:34:15.567182
3_10_tips,4.0,0.2857142857142857,0.41519532,0.201545358271012,10,,Phyloformer,3.627377510070801,0.0,200,Cherry,0.5,1.0,10,200,2026-10-06T04:34:15.567182
14_10_tips,4.0,0.2857142857142857,0.44879996,0.2186136037583201,10,,Phyloformer,3.627377510070801,0.0,200,Cherry,0.5,1.0,10,200,2026-10-06T04:34:15.567182
7_10_tips,2.0,0.1428571428571428,0.47903292,0.2108230927364766,10,,Phyloformer,3.627377510070801,0.0,200,Cherry,0.5,1.0,10,200,2026-10-06T04:34:15.567182
16_10_tips,2.0,0.1428571428571428,0.56926896,0.357505488204014,10,,Phyloformer,3.627377510070801,0.0,200,Cherry,0.5,1.0,10,200,2026-10-06T04:34:15.567182
4_10_tips,2.0,0.1428571428571428,0.20423214,0.0819846458699688,10,,Phyloformer,3.627377510070801,0.0,200,Cherry,0.5,1.0,10,200,2026-10-06T04:34:15.567182
1_10_tips,4.0,0.2857142857142857,0.3771725099999999,0.2527162314822491,10,,Phyloformer,3.627377510070801,0.0,200,Cherry,0.5,1.0,10,200,2026-10-06T04:34:15.567182
11_10_tips,0.0,0.0,0.2302647699999999,0.1082401235831154,10,,Phyloformer,3.627377510070801,0.0,200,Cherry,0.5,1.0,10,200,2026-10-06T04:34:15.567182
2_10_tips,2.0,0.1428571428571428,0.5170763300000001,0.3358699557421927,10,,Phyloformer,3.627377510070801,0.0,200,Cherry,0.5,1.0,10,200,2026-10-06T04:34:15.567182
9_10_tips,4.0,0.2857142857142857,0.18077501,0.1156647883958834,10,,Phyloformer,3.627377510070801,0.0,200,Cherry,0.5,1.0,10,200,2026-10-06T04:34:15.567182
19_10_tips,2.0,0.1428571428571428,0.37550674,0.1934579368349523,10,,Phyloformer,3.627377510070801,0.0,200,Cherry,0.5,1.0,10,200,2026-10-06T04:34:15.567182
15_10_tips,2.0,0.1428571428571428,0.4916915400000001,0.2023462031011904,10,,Phyloformer,3.627377510070801,0.0,200,Cherry,0.5,1.0,10,200,2026-10-06T04:34:15.567182
0_10_tips,0.0,0.0,0.33184205,0.1713389217602308,10,,Phyloformer,3.627377510070801,0.0,200,Cherry,0.5,1.0,10,200,2026-10-06T04:34:15.567182
12_10_tips,2.0,0.1428571428571428,0.3244111,0.166043556410313,10,,Phyloformer,3.627377510070801,0.0,200,Cherry,0.5,1.0,10,200,2026-10-06T04:34:15.567182
10_10_tips,0.0,0.0,0.44014253,0.200214448841181,10,,Phyloformer,3.627377510070801,0.0,200,Cherry,0.5,1.0,10,200,2026-10-06T04:34:15.567182
13_10_tips,2.0,0.1428571428571428,0.4857328399999999,0.3170959288687784,10,,Phyloformer,3.627377510070801,0.0,200,Cherry,0.5,1.0,10,200,2026-10-06T04:34:15.567182
6_10_tips,2.0,0.1428571428571428,0.47841579,0.2512374524473839,10,,Phyloformer,3.627377510070801,0.0,200,Cherry,0.5,1.0,10,200,2026-10-06T04:34:15.567182
18_10_tips,0.0,0.0,0.33491445,0.1698838981970707,10,,Phyloformer,3.627377510070801,0.0,200,Cherry,0.5,1.0,10,200,2026-10-06T04:34:15.567182
19_25_tips,38.0,0.8636363636363636,1.1422761575000002,0.3698790396384291,25,,Phyloformer,3.7218520641326895,0.0,20,Cherry,0.5,1.0,25,20,2026-10-06T04:34:28.083345
4_25_tips,26.0,0.5909090909090909,1.01731363,0.3635256987756255,25,,Phyloformer,3.7218520641326895,0.0,20,Cherry,0.5,1.0,25,20,2026-10-06T04:34:28.083345
2_25_tips,28.0,0.6363636363636364,1.1046306100000003,0.2903143667376554,25,,Phyloformer,3.7218520641326895,0.0,20,Cherry,0.5,1.0,25,20,2026-10-06T04:34:28.083345
6_25_tips,42.0,0.9545454545454546,0.7436398199999995,0.2605512635620342,25,,Phyloformer,3.7218520641326895,0.0,20,Cherry,0.5,1.0,25,20,2026-10-06T04:34:28.083345
8_25_tips,24.0,0.5454545454545454,0.7331349499999997,0.1938747765467604,25,,Phyloformer,3.7218520641326895,0.0,20,Cherry,0.5,1.0,25,20,2026-10-06T04:34:28.083345
13_25_tips,28.0,0.6363636363636364,0.919596985,0.2885673075554691,25,,Phyloformer,3.7218520641326895,0.0,20,Cherry,0.5,1.0,25,20,2026-10-06T04:34:28.083345
0_25_tips,24.0,0.5454545454545454,0.8211082600000001,0.2078960045031298,25,,Phyloformer,3.7218520641326895,0.0,20,Cherry,0.5,1.0,25,20,2026-10-06T04:34:28.083345
10_25_tips,20.0,0.4545454545454545,1.1563043,0.3189037371183605,25,,Phyloformer,3.7218520641326895,0.0,20,Cherry,0.5,1.0,25,20,2026-10-06T04:34:28.083345
17_25_tips,30.0,0.6818181818181818,1.1166349840000012,0.3821415619242988,25,,Phyloformer,3.7218520641326895,0.0,20,Cherry,0.5,1.0,25,20,2026-10-06T04:34:28.083345
9_25_tips,28.0,0.6363636363636364,1.33551736,0.3744419042060696,25,,Phyloformer,3.7218520641326895,0.0,20,Cherry,0.5,1.0,25,20,2026-10-06T04:34:28.083345
14_25_tips,30.0,0.6818181818181818,0.7724539631,0.2280215488790115,25,,Phyloformer,3.7218520641326895,0.0,20,Cherry,0.5,1.0,25,20,2026-10-06T04:34:28.083345
1_25_tips,30.0,0.6818181818181818,0.46932799,0.147440644659167,25,,Phyloformer,3.7218520641326895,0.0,20,Cherry,0.5,1.0,25,20,2026-10-06T04:34:28.083345
15_25_tips,32.0,0.7272727272727273,0.7023339100000002,0.17861863546039,25,,Phyloformer,3.7218520641326895,0.0,20,Cherry,0.5,1.0,25,20,2026-10-06T04:34:28.083345
11_25_tips,28.0,0.6363636363636364,1.0920345549999997,0.2986441112622223,25,,Phyloformer,3.7218520641326895,0.0,20,Cherry,0.5,1.0,25,20,2026-10-06T04:34:28.083345
3_25_tips,22.0,0.5,0.8947978199999997,0.4631336792262548,25,,Phyloformer,3.7218520641326895,0.0,20,Cherry,0.5,1.0,25,20,2026-10-06T04:34:28.083345
16_25_tips,22.0,0.5,1.03052354,0.2589219070946635,25,,Phyloformer,3.7218520641326895,0.0,20,Cherry,0.5,1.0,25,20,2026-10-06T04:34:28.083345
18_25_tips,24.0,0.5454545454545454,1.149800575,0.4145513156033351,25,,Phyloformer,3.7218520641326895,0.0,20,Cherry,0.5,1.0,25,20,2026-10-06T04:34:28.083345
7_25_tips,26.0,0.5909090909090909,1.075900872,0.3066496217897125,25,,Phyloformer,3.7218520641326895,0.0,20,Cherry,0.5,1.0,25,20,2026-10-06T04:34:28.083345
5_25_tips,24.0,0.5454545454545454,0.7806572070000003,0.209689092184352,25,,Phyloformer,3.7218520641326895,0.0,20,Cherry,0.5,1.0,25,20,2026-10-06T04:34:28.083345
12_25_tips,30.0,0.6818181818181818,0.7187137849999998,0.1929091708267171,25,,Phyloformer,3.7218520641326895,0.0,20,Cherry,0.5,1.0,25,20,2026-10-06T04:34:28.083345
19_25_tips,28.0,0.6363636363636364,0.9505667775,0.3361726846485539,25,,Phyloformer,3.862154960632324,0.0,24,Cherry,0.5,1.0,25,25,2026-10-06T04:34:39.539332
4_25_tips,16.0,0.3636363636363636,1.0220713899999998,0.3978124408191916,25,,Phyloformer,3.862154960632324,0.0,24,Cherry,0.5,1.0,25,25,2026-10-06T04:34:39.539332
6_25_tips,36.0,0.8181818181818182,0.4155539699999999,0.1225680440605066,25,,Phyloformer,3.862154960632324,0.0,24,Cherry,0.5,1.0,25,25,2026-10-06T04:34:39.539332
2_25_tips,20.0,0.4545454545454545,0.99398825,0.2411288231986182,25,,Phyloformer,3.862154960632324,0.0,24,Cherry,0.5,1.0,25,25,2026-10-06T04:34:39.539332
13_25_tips,24.0,0.5454545454545454,0.725855435,0.22129085732101,25,,Phyloformer,3.862154960632324,0.0,24,Cherry,0.5,1.0,25,25,2026-10-06T04:34:39.539332
10_25_tips,14.0,0.3181818181818182,1.17720292,0.3084564553835792,25,,Phyloformer,3.862154960632324,0.0,24,Cherry,0.5,1.0,25,25,2026-10-06T04:34:39.539332
8_25_tips,34.0,0.7727272727272727,0.8826455300000002,0.2628869833833354,25,,Phyloformer,3.862154960632324,0.0,24,Cherry,0.5,1.0,25,25,2026-10-06T04:34:39.539332
9_25_tips,22.0,0.5,1.39063897,0.4243139678356866,25,,Phyloformer,3.862154960632324,0.0,24,Cherry,0.5,1.0,25,25,2026-10-06T04:34:39.539332
0_25_tips,24.0,0.5454545454545454,0.7603267499999999,0.2423845692536955,25,,Phyloformer,3.862154960632324,0.0,24,Cherry,0.5,1.0,25,25,2026-10-06T04:34:39.539332
1_25_tips,40.0,0.9090909090909092,0.5850404299999996,0.1699140999279546,25,,Phyloformer,3.862154960632324,0.0,24,Cherry,0.5,1.0,25,25,2026-10-06T04:34:39.539332
11_25_tips,32.0,0.7272727272727273,1.044640315,0.257406473778664,25,,Phyloformer,3.862154960632324,0.0,24,Cherry,0.5,1.0,25,25,2026-10-06T04:34:39.539332
17_25_tips,24.0,0.5454545454545454,0.792982954,0.2501566966857261,25,,Phyloformer,3.862154960632324,0.0,24,Cherry,0.5,1.0,25,25,2026-10-06T04:34:39.539332
16_25_tips,20.0,0.4545454545454545,0.8234996600000001,0.2207849350617351,25,,Phyloformer,3.862154960632324,0.0,24,Cherry,0.5,1.0,25,25,2026-10-06T04:34:39.539332
14_25_tips,18.0,0.4090909090909091,0.5266528331,0.1411069397224267,25,,Phyloformer,3.862154960632324,0.0,24,Cherry,0.5,1.0,25,25,2026-10-06T04:34:39.539332
7_25_tips,20.0,0.4545454545454545,0.886470402,0.2512440611309334,25,,Phyloformer,3.862154960632324,0.0,24,Cherry,0.5,1.0,25,25,2026-10-06T04:34:39.539332
15_25_tips,16.0,0.3636363636363636,0.6019815699999999,0.1463926098026437,25,,Phyloformer,3.862154960632324,0.0,24,Cherry,0.5,1.0,25,25,2026-10-06T04:34:39.539332
12_25_tips,28.0,0.6363636363636364,0.6843632250000001,0.1942642181556998,25,,Phyloformer,3.862154960632324,0.0,24,Cherry,0.5,1.0,25,25,2026-10-06T04:34:39.539332
3_25_tips,28.0,0.6363636363636364,0.8604999499999999,0.3508989502469146,25,,Phyloformer,3.862154960632324,0.0,24,Cherry,0.5,1.0,25,25,2026-10-06T04:34:39.539332
18_25_tips,24.0,0.5454545454545454,0.802143675,0.2199695013076422,25,,Phyloformer,3.862154960632324,0.0,24,Cherry,0.5,1.0,25,25,2026-10-06T04:34:39.539332
5_25_tips,26.0,0.5909090909090909,1.107030827,0.3263082879023579,25,,Phyloformer,3.862154960632324,0.0,24,Cherry,0.5,1.0,25,25,2026-10-06T04:34:39.539332
4_25_tips,18.0,0.4090909090909091,0.8713987399999996,0.4016399292086969,25,,Phyloformer,4.405951738357544,0.0,50,Cherry,0.5,1.0,25,50,2026-10-06T04:34:51.410492
19_25_tips,20.0,0.4545454545454545,0.7599991075,0.2987729220855696,25,,Phyloformer,4.405951738357544,0.0,50,Cherry,0.5,1.0,25,50,2026-10-06T04:34:51.410492
2_25_tips,18.0,0.4090909090909091,0.99201413,0.2485380960362904,25,,Phyloformer,4.405951738357544,0.0,50,Cherry,0.5,1.0,25,50,2026-10-06T04:34:51.410492
6_25_tips,32.0,0.7272727272727273,0.5050732600000001,0.1778828313015345,25,,Phyloformer,4.405951738357544,0.0,50,Cherry,0.5,1.0,25,50,2026-10-06T04:34:51.410492
8_25_tips,12.0,0.2727272727272727,0.62418405,0.1885254773099766,25,,Phyloformer,4.405951738357544,0.0,50,Cherry,0.5,1.0,25,50,2026-10-06T04:34:51.410492
13_25_tips,16.0,0.3636363636363636,0.7235972650000001,0.2632670416376245,25,,Phyloformer,4.405951738357544,0.0,50,Cherry,0.5,1.0,25,50,2026-10-06T04:34:51.410492
0_25_tips,14.0,0.3181818181818182,0.5838473900000001,0.1779064329205138,25,,Phyloformer,4.405951738357544,0.0,50,Cherry,0.5,1.0,25,50,2026-10-06T04:34:51.410492
10_25_tips,10.0,0.2272727272727272,0.8374229200000001,0.236866458573682,25,,Phyloformer,4.405951738357544,0.0,50,Cherry,0.5,1.0,25,50,2026-10-06T04:34:51.410492
9_25_tips,16.0,0.3636363636363636,1.17701592,0.3892475423424399,25,,Phyloformer,4.405951738357544,0.0,50,Cherry,0.5,1.0,25,50,2026-10-06T04:34:51.410492
17_25_tips,18.0,0.4090909090909091,0.6180578940000001,0.2323351588124711,25,,Phyloformer,4.405951738357544,0.0,50,Cherry,0.5,1.0,25,50,2026-10-06T04:34:51.410492
1_25_tips,30.0,0.6818181818181818,0.5571159699999999,0.1926792667232853,25,,Phyloformer,4.405951738357544,0.0,50,Cherry,0.5,1.0,25,50,2026-10-06T04:34:51.410492
14_25_tips,20.0,0.4545454545454545,0.5500562831,0.1733957477065861,25,,Phyloformer,4.405951738357544,0.0,50,Cherry,0.5,1.0,25,50,2026-10-06T04:34:51.410492
11_25_tips,10.0,0.2272727272727272,0.6115712650000003,0.1726300664147503,25,,Phyloformer,4.405951738357544,0.0,50,Cherry,0.5,1.0,25,50,2026-10-06T04:34:51.410492
15_25_tips,26.0,0.5909090909090909,0.4879609000000001,0.122870084910992,25,,Phyloformer,4.405951738357544,0.0,50,Cherry,0.5,1.0,25,50,2026-10-06T04:34:51.410492
16_25_tips,10.0,0.2272727272727272,0.7578932400000001,0.2239939012178487,25,,Phyloformer,4.405951738357544,0.0,50,Cherry,0.5,1.0,25,50,2026-10-06T04:34:51.410492
3_25_tips,26.0,0.5909090909090909,0.66304324,0.2849161586783582,25,,Phyloformer,4.405951738357544,0.0,50,Cherry,0.5,1.0,25,50,2026-10-06T04:34:51.410492
7_25_tips,16.0,0.3636363636363636,0.887780102,0.2563001441465782,25,,Phyloformer,4.405951738357544,0.0,50,Cherry,0.5,1.0,25,50,2026-10-06T04:34:51.410492
12_25_tips,22.0,0.5,0.537090965,0.1587253993678041,25,,Phyloformer,4.405951738357544,0.0,50,Cherry,0.5,1.0,25,50,2026-10-06T04:34:51.410492
18_25_tips,22.0,0.5,0.797002735,0.2732580096608508,25,,Phyloformer,4.405951738357544,0.0,50,Cherry,0.5,1.0,25,50,2026-10-06T04:34:51.410492
5_25_tips,14.0,0.3181818181818182,0.7769622669999999,0.2242407594386454,25,,Phyloformer,4.405951738357544,0.0,50,Cherry,0.5,1.0,25,50,2026-10-06T04:34:51.410492
4_25_tips,18.0,0.4090909090909091,0.75422373,0.2945138267934747,25,,Phyloformer,4.705599308013916,0.0,100,Cherry,0.5,1.0,25,100,2026-10-06T04:35:03.693285
19_25_tips,24.0,0.5454545454545454,0.7849607275,0.2611972808421349,25,,Phyloformer,4.705599308013916,0.0,100,Cherry,0.5,1.0,25,100,2026-10-06T04:35:03.693285
2_25_tips,10.0,0.2272727272727272,0.7544382600000001,0.2230203639203012,25,,Phyloformer,4.705599308013916,0.0,100,Cherry,0.5,1.0,25,100,2026-10-06T04:35:03.693285
6_25_tips,28.0,0.6363636363636364,0.3403129799999999,0.1084939946021723,25,,Phyloformer,4.705599308013916,0.0,100,Cherry,0.5,1.0,25,100,2026-10-06T04:35:03.693285
13_25_tips,10.0,0.2272727272727272,0.6034361750000001,0.2037239663555047,25,,Phyloformer,4.705599308013916,0.0,100,Cherry,0.5,1.0,25,100,2026-10-06T04:35:03.693285
8_25_tips,6.0,0.1363636363636363,0.45242924,0.1215498285961539,25,,Phyloformer,4.705599308013916,0.0,100,Cherry,0.5,1.0,25,100,2026-10-06T04:35:03.693285
10_25_tips,8.0,0.1818181818181818,0.7702221699999999,0.2088572078772617,25,,Phyloformer,4.705599308013916,0.0,100,Cherry,0.5,1.0,25,100,2026-10-06T04:35:03.693285
0_25_tips,10.0,0.2272727272727272,0.50067423,0.178036169548021,25,,Phyloformer,4.705599308013916,0.0,100,Cherry,0.5,1.0,25,100,2026-10-06T04:35:03.693285
9_25_tips,6.0,0.1363636363636363,1.1134842399999998,0.3638829756608872,25,,Phyloformer,4.705599308013916,0.0,100,Cherry,0.5,1.0,25,100,2026-10-06T04:35:03.693285
17_25_tips,10.0,0.2272727272727272,0.8156659560000001,0.3131978263837155,25,,Phyloformer,4.705599308013916,0.0,100,Cherry,0.5,1.0,25,100,2026-10-06T04:35:03.693285
1_25_tips,16.0,0.3636363636363636,0.47753581,0.1996113416119569,25,,Phyloformer,4.705599308013916,0.0,100,Cherry,0.5,1.0,25,100,2026-10-06T04:35:03.693285
14_25_tips,12.0,0.2727272727272727,0.5113327931,0.1606564963766873,25,,Phyloformer,4.705599308013916,0.0,100,Cherry,0.5,1.0,25,100,2026-10-06T04:35:03.693285
11_25_tips,10.0,0.2272727272727272,0.6946104350000003,0.1877334195340382,25,,Phyloformer,4.705599308013916,0.0,100,Cherry,0.5,1.0,25,100,2026-10-06T04:35:03.693285
15_25_tips,14.0,0.3181818181818182,0.37403405,0.1034398499098809,25,,Phyloformer,4.705599308013916,0.0,100,Cherry,0.5,1.0,25,100,2026-10-06T04:35:03.693285
16_25_tips,12.0,0.2727272727272727,0.6519404200000001,0.1826975975025244,25,,Phyloformer,4.705599308013916,0.0,100,Cherry,0.5,1.0,25,100,2026-10-06T04:35:03.693285
3_25_tips,10.0,0.2272727272727272,0.5644891700000001,0.2547908846682065,25,,Phyloformer,4.705599308013916,0.0,100,Cherry,0.5,1.0,25,100,2026-10-06T04:35:03.693285
7_25_tips,16.0,0.3636363636363636,0.758113642,0.2244419367384517,25,,Phyloformer,4.705599308013916,0.0,100,Cherry,0.5,1.0,25,100,2026-10-06T04:35:03.693285
18_25_tips,10.0,0.2272727272727272,0.629628355,0.2434289581877616,25,,Phyloformer,4.705599308013916,0.0,100,Cherry,0.5,1.0,25,100,2026-10-06T04:35:03.693285
12_25_tips,16.0,0.3636363636363636,0.5162018149999998,0.1738147655626734,25,,Phyloformer,4.705599308013916,0.0,100,Cherry,0.5,1.0,25,100,2026-10-06T04:35:03.693285
5_25_tips,16.0,0.3636363636363636,0.6954002570000002,0.211994175626126,25,,Phyloformer,4.705599308013916,0.0,100,Cherry,0.5,1.0,25,100,2026-10-06T04:35:03.693285
19_25_tips,8.0,0.1818181818181818,0.5517549504999998,0.2114564057930269,25,,Phyloformer,5.18539023399353,0.0,200,Cherry,0.5,1.0,25,200,2026-10-06T04:35:18.056759
4_25_tips,4.0,0.0909090909090909,0.6163889599999998,0.2967094267674554,25,,Phyloformer,5.18539023399353,0.0,200,Cherry,0.5,1.0,25,200,2026-10-06T04:35:18.056759
2_25_tips,0.0,0.0,0.5064218200000001,0.1442516983613752,25,,Phyloformer,5.18539023399353,0.0,200,Cherry,0.5,1.0,25,200,2026-10-06T04:35:18.056759
6_25_tips,8.0,0.1818181818181818,0.344873,0.1669419635260392,25,,Phyloformer,5.18539023399353,0.0,200,Cherry,0.5,1.0,25,200,2026-10-06T04:35:18.056759
13_25_tips,6.0,0.1363636363636363,0.470962995,0.1441693055628264,25,,Phyloformer,5.18539023399353,0.0,200,Cherry,0.5,1.0,25,200,2026-10-06T04:35:18.056759
8_25_tips,10.0,0.2272727272727272,0.53146232,0.1542329104894503,25,,Phyloformer,5.18539023399353,0.0,200,Cherry,0.5,1.0,25,200,2026-10-06T04:35:18.056759
10_25_tips,4.0,0.0909090909090909,0.6488918800000001,0.1799415908097886,25,,Phyloformer,5.18539023399353,0.0,200,Cherry,0.5,1.0,25,200,2026-10-06T04:35:18.056759
9_25_tips,4.0,0.0909090909090909,0.93403471,0.2950371273749944,25,,Phyloformer,5.18539023399353,0.0,200,Cherry,0.5,1.0,25,200,2026-10-06T04:35:18.056759
0_25_tips,14.0,0.3181818181818182,0.5143640899999998,0.1567168790653269,25,,Phyloformer,5.18539023399353,0.0,200,Cherry,0.5,1.0,25,200,2026-10-06T04:35:18.056759
17_25_tips,16.0,0.3636363636363636,0.759028754,0.307324451963172,25,,Phyloformer,5.18539023399353,0.0,200,Cherry,0.5,1.0,25,200,2026-10-06T04:35:18.056759
1_25_tips,12.0,0.2727272727272727,0.3795507000000002,0.1584410198810574,25,,Phyloformer,5.18539023399353,0.0,200,Cherry,0.5,1.0,25,200,2026-10-06T04:35:18.056759
11_25_tips,6.0,0.1363636363636363,0.5820585050000001,0.1804684690586084,25,,Phyloformer,5.18539023399353,0.0,200,Cherry,0.5,1.0,25,200,2026-10-06T04:35:18.056759
16_25_tips,2.0,0.0454545454545454,0.6963639100000001,0.1981397179226015,25,,Phyloformer,5.18539023399353,0.0,200,Cherry,0.5,1.0,25,200,2026-10-06T04:35:18.056759
14_25_tips,6.0,0.1363636363636363,0.4136718331,0.1283354160985625,25,,Phyloformer,5.18539023399353,0.0,200,Cherry,0.5,1.0,25,200,2026-10-06T04:35:18.056759
7_25_tips,10.0,0.2272727272727272,0.6518398280000002,0.2169955635229703,25,,Phyloformer,5.18539023399353,0.0,200,Cherry,0.5,1.0,25,200,2026-10-06T04:35:18.056759
15_25_tips,6.0,0.1363636363636363,0.4598989999999999,0.146066353743881,25,,Phyloformer,5.18539023399353,0.0,200,Cherry,0.5,1.0,25,200,2026-10-06T04:35:18.056759
12_25_tips,16.0,0.3636363636363636,0.4768103550000001,0.158311986403497,25,,Phyloformer,5.18539023399353,0.0,200,Cherry,0.5,1.0,25,200,2026-10-06T04:35:18.056759
18_25_tips,6.0,0.1363636363636363,0.693085245,0.2483297454216201,25,,Phyloformer,5.18539023399353,0.0,200,Cherry,0.5,1.0,25,200,2026-10-06T04:35:18.056759
3_25_tips,14.0,0.3181818181818182,0.46601609,0.1762466308825768,25,,Phyloformer,5.18539023399353,0.0,200,Cherry,0.5,1.0,25,200,2026-10-06T04:35:18.056759
5_25_tips,2.0,0.0454545454545454,0.7234165969999999,0.2687873955954813,25,,Phyloformer,5.18539023399353,0.0,200,Cherry,0.5,1.0,25,200,2026-10-06T04:35:18.056759
18_50_tips,62.0,0.6595744680851063,1.4742936915,0.3105529785424318,50,,Phyloformer,4.403809547424316,0.0,20,Cherry,0.5,1.0,50,20,2026-10-06T04:35:32.555558
17_50_tips,40.0,0.425531914893617,1.6429551839999996,0.3671542592174562,50,,Phyloformer,4.403809547424316,0.0,20,Cherry,0.5,1.0,50,20,2026-10-06T04:35:32.555558
7_50_tips,50.0,0.5319148936170213,1.877202284,0.515369998744473,50,,Phyloformer,4.403809547424316,0.0,20,Cherry,0.5,1.0,50,20,2026-10-06T04:35:32.555558
16_50_tips,74.0,0.7872340425531915,0.7173733589999998,0.200715420545875,50,,Phyloformer,4.403809547424316,0.0,20,Cherry,0.5,1.0,50,20,2026-10-06T04:35:32.555558
12_50_tips,58.0,0.6170212765957447,2.142416280000001,0.5537462757104934,50,,Phyloformer,4.403809547424316,0.0,20,Cherry,0.5,1.0,50,20,2026-10-06T04:35:32.555558
0_50_tips,68.0,0.723404255319149,0.9512043650000004,0.2101448894607098,50,,Phyloformer,4.403809547424316,0.0,20,Cherry,0.5,1.0,50,20,2026-10-06T04:35:32.555558
14_50_tips,58.0,0.6170212765957447,1.380384661,0.3882398743712412,50,,Phyloformer,4.403809547424316,0.0,20,Cherry,0.5,1.0,50,20,2026-10-06T04:35:32.555558
8_50_tips,76.0,0.8085106382978723,1.9559799575999992,0.4347462531421224,50,,Phyloformer,4.403809547424316,0.0,20,Cherry,0.5,1.0,50,20,2026-10-06T04:35:32.555558
15_50_tips,72.0,0.7659574468085106,1.5032408120000005,0.3014588754168267,50,,Phyloformer,4.403809547424316,0.0,20,Cherry,0.5,1.0,50,20,2026-10-06T04:35:32.555558
10_50_tips,48.0,0.5106382978723404,1.8148153140000003,0.4174020085816952,50,,Phyloformer,4.403809547424316,0.0,20,Cherry,0.5,1.0,50,20,2026-10-06T04:35:32.555558
1_50_tips,70.0,0.7446808510638298,1.949414886,0.3955682722259681,50,,Phyloformer,4.403809547424316,0.0,20,Cherry,0.5,1.0,50,20,2026-10-06T04:35:32.555558
19_50_tips,48.0,0.5106382978723404,1.634808001500001,0.296438582187385,50,,Phyloformer,4.403809547424316,0.0,20,Cherry,0.5,1.0,50,20,2026-10-06T04:35:32.555558
5_50_tips,62.0,0.6595744680851063,2.242014746,0.4260082657314167,50,,Phyloformer,4.403809547424316,0.0,20,Cherry,0.5,1.0,50,20,2026-10-06T04:35:32.555558
3_50_tips,62.0,0.6595744680851063,2.264327966,0.4255480576337695,50,,Phyloformer,4.403809547424316,0.0,20,Cherry,0.5,1.0,50,20,2026-10-06T04:35:32.555558
4_50_tips,62.0,0.6595744680851063,1.870685321,0.3714472411834593,50,,Phyloformer,4.403809547424316,0.0,20,Cherry,0.5,1.0,50,20,2026-10-06T04:35:32.555558
13_50_tips,60.0,0.6382978723404256,1.382303057,0.3229240093170409,50,,Phyloformer,4.403809547424316,0.0,20,Cherry,0.5,1.0,50,20,2026-10-06T04:35:32.555558
11_50_tips,74.0,0.7872340425531915,1.7239445799999993,0.3902672675973433,50,,Phyloformer,4.403809547424316,0.0,20,Cherry,0.5,1.0,50,20,2026-10-06T04:35:32.555558
9_50_tips,82.0,0.8723404255319149,1.777739775,0.4781496729124335,50,,Phyloformer,4.403809547424316,0.0,20,Cherry,0.5,1.0,50,20,2026-10-06T04:35:32.555558
6_50_tips,68.0,0.723404255319149,1.4102431835,0.4032191207231707,50,,Phyloformer,4.403809547424316,0.0,20,Cherry,0.5,1.0,50,20,2026-10-06T04:35:32.555558
2_50_tips,72.0,0.7659574468085106,1.1888015944999988,0.2688570169273389,50,,Phyloformer,4.403809547424316,0.0,20,Cherry,0.5,1.0,50,20,2026-10-06T04:35:32.555558
17_50_tips,68.0,0.723404255319149,1.8788496939999992,0.4030093279447678,50,,Phyloformer,4.44124698638916,0.0,24,Cherry,0.5,1.0,50,25,2026-10-06T04:35:45.677534
18_50_tips,66.0,0.7021276595744681,1.443051091499999,0.3164641306203004,50,,Phyloformer,4.44124698638916,0.0,24,Cherry,0.5,1.0,50,25,2026-10-06T04:35:45.677534
7_50_tips,58.0,0.6170212765957447,1.971610074,0.4946593948122392,50,,Phyloformer,4.44124698638916,0.0,24,Cherry,0.5,1.0,50,25,2026-10-06T04:35:45.677534
16_50_tips,88.0,0.9361702127659576,0.6750881090000006,0.2060671404175559,50,,Phyloformer,4.44124698638916,0.0,24,Cherry,0.5,1.0,50,25,2026-10-06T04:35:45.677534
0_50_tips,84.0,0.8936170212765957,1.092033275,0.2093486517632555,50,,Phyloformer,4.44124698638916,0.0,24,Cherry,0.5,1.0,50,25,2026-10-06T04:35:45.677534
12_50_tips,52.0,0.5531914893617021,1.906055190000001,0.4773540844057685,50,,Phyloformer,4.44124698638916,0.0,24,Cherry,0.5,1.0,50,25,2026-10-06T04:35:45.677534
8_50_tips,56.0,0.5957446808510638,1.6135569075999996,0.3906451194539198,50,,Phyloformer,4.44124698638916,0.0,24,Cherry,0.5,1.0,50,25,2026-10-06T04:35:45.677534
14_50_tips,80.0,0.851063829787234,1.152013281,0.2385508080449311,50,,Phyloformer,4.44124698638916,0.0,24,Cherry,0.5,1.0,50,25,2026-10-06T04:35:45.677534
10_50_tips,62.0,0.6595744680851063,1.9652368540000005,0.4366824899070911,50,,Phyloformer,4.44124698638916,0.0,24,Cherry,0.5,1.0,50,25,2026-10-06T04:35:45.677534
15_50_tips,56.0,0.5957446808510638,1.529941,0.2754701633793914,50,,Phyloformer,4.44124698638916,0.0,24,Cherry,0.5,1.0,50,25,2026-10-06T04:35:45.677534
19_50_tips,52.0,0.5531914893617021,2.0000631715000003,0.3642761045313216,50,,Phyloformer,4.44124698638916,0.0,24,Cherry,0.5,1.0,50,25,2026-10-06T04:35:45.677534
1_50_tips,44.0,0.4680851063829787,1.4417127259999998,0.3357816988594266,50,,Phyloformer,4.44124698638916,0.0,24,Cherry,0.5,1.0,50,25,2026-10-06T04:35:45.677534
3_50_tips,56.0,0.5957446808510638,1.809487826,0.3295478092389547,50,,Phyloformer,4.44124698638916,0.0,24,Cherry,0.5,1.0,50,25,2026-10-06T04:35:45.677534
5_50_tips,38.0,0.4042553191489361,2.074785916,0.4335454864980685,50,,Phyloformer,4.44124698638916,0.0,24,Cherry,0.5,1.0,50,25,2026-10-06T04:35:45.677534
13_50_tips,72.0,0.7659574468085106,1.2421451470000002,0.2691481144897457,50,,Phyloformer,4.44124698638916,0.0,24,Cherry,0.5,1.0,50,25,2026-10-06T04:35:45.677534
4_50_tips,58.0,0.6170212765957447,1.891403471,0.3683031589064885,50,,Phyloformer,4.44124698638916,0.0,24,Cherry,0.5,1.0,50,25,2026-10-06T04:35:45.677534
9_50_tips,62.0,0.6595744680851063,1.2601704049999989,0.2512398938523036,50,,Phyloformer,4.44124698638916,0.0,24,Cherry,0.5,1.0,50,25,2026-10-06T04:35:45.677534
11_50_tips,58.0,0.6170212765957447,1.2389784499999998,0.24719954052815,50,,Phyloformer,4.44124698638916,0.0,24,Cherry,0.5,1.0,50,25,2026-10-06T04:35:45.677534
2_50_tips,68.0,0.723404255319149,1.148419554499999,0.2902941675512376,50,,Phyloformer,4.44124698638916,0.0,24,Cherry,0.5,1.0,50,25,2026-10-06T04:35:45.677534
6_50_tips,76.0,0.8085106382978723,1.1549017235,0.3165237496381924,50,,Phyloformer,4.44124698638916,0.0,24,Cherry,0.5,1.0,50,25,2026-10-06T04:35:45.677534
18_50_tips,44.0,0.4680851063829787,0.9760052515000002,0.2203964669971911,50,,Phyloformer,5.387287378311157,0.0,50,Cherry,0.5,1.0,50,50,2026-10-06T04:36:00.594113
17_50_tips,36.0,0.3829787234042553,1.429747944,0.3660494598936878,50,,Phyloformer,5.387287378311157,0.0,50,Cherry,0.5,1.0,50,50,2026-10-06T04:36:00.594113
16_50_tips,56.0,0.5957446808510638,0.6318037009999999,0.1782563110173827,50,,Phyloformer,5.387287378311157,0.0,50,Cherry,0.5,1.0,50,50,2026-10-06T04:36:00.594113
7_50_tips,34.0,0.3617021276595745,1.2554848940000003,0.3592464582795167,50,,Phyloformer,5.387287378311157,0.0,50,Cherry,0.5,1.0,50,50,2026-10-06T04:36:00.594113
12_50_tips,54.0,0.574468085106383,1.3980909599999998,0.3397366582404882,50,,Phyloformer,5.387287378311157,0.0,50,Cherry,0.5,1.0,50,50,2026-10-06T04:36:00.594113
0_50_tips,54.0,0.574468085106383,0.770809005,0.1400182109618408,50,,Phyloformer,5.387287378311157,0.0,50,Cherry,0.5,1.0,50,50,2026-10-06T04:36:00.594113
14_50_tips,46.0,0.4893617021276595,1.0490976909999996,0.2625869235698353,50,,Phyloformer,5.387287378311157,0.0,50,Cherry,0.5,1.0,50,50,2026-10-06T04:36:00.594113
8_50_tips,60.0,0.6382978723404256,1.2121856476000004,0.2750125051308787,50,,Phyloformer,5.387287378311157,0.0,50,Cherry,0.5,1.0,50,50,2026-10-06T04:36:00.594113
15_50_tips,52.0,0.5531914893617021,1.1603899519999998,0.2420737075318575,50,,Phyloformer,5.387287378311157,0.0,50,Cherry,0.5,1.0,50,50,2026-10-06T04:36:00.594113
10_50_tips,42.0,0.4468085106382978,1.428760764,0.3248162108198729,50,,Phyloformer,5.387287378311157,0.0,50,Cherry,0.5,1.0,50,50,2026-10-06T04:36:00.594113
1_50_tips,38.0,0.4042553191489361,1.3428711460000002,0.2995411122022477,50,,Phyloformer,5.387287378311157,0.0,50,Cherry,0.5,1.0,50,50,2026-10-06T04:36:00.594113
19_50_tips,30.0,0.3191489361702128,1.0963880015000005,0.2231823531647602,50,,Phyloformer,5.387287378311157,0.0,50,Cherry,0.5,1.0,50,50,2026-10-06T04:36:00.594113
5_50_tips,40.0,0.425531914893617,1.6727340560000006,0.355857018475351,50,,Phyloformer,5.387287378311157,0.0,50,Cherry,0.5,1.0,50,50,2026-10-06T04:36:00.594113
3_50_tips,30.0,0.3191489361702128,1.2847503660000008,0.2713600762825638,50,,Phyloformer,5.387287378311157,0.0,50,Cherry,0.5,1.0,50,50,2026-10-06T04:36:00.594113
4_50_tips,46.0,0.4893617021276595,1.2472305210000003,0.2370591808919765,50,,Phyloformer,5.387287378311157,0.0,50,Cherry,0.5,1.0,50,50,2026-10-06T04:36:00.594113
13_50_tips,38.0,0.4042553191489361,0.847987447,0.1755306043881968,50,,Phyloformer,5.387287378311157,0.0,50,Cherry,0.5,1.0,50,50,2026-10-06T04:36:00.594113
11_50_tips,40.0,0.425531914893617,1.03022921,0.2206382225013511,50,,Phyloformer,5.387287378311157,0.0,50,Cherry,0.5,1.0,50,50,2026-10-06T04:36:00.594113
9_50_tips,50.0,0.5319148936170213,1.0044064649999995,0.2421689600458084,50,,Phyloformer,5.387287378311157,0.0,50,Cherry,0.5,1.0,50,50,2026-10-06T04:36:00.594113
6_50_tips,66.0,0.7021276595744681,0.8086825735,0.1638633952841423,50,,Phyloformer,5.387287378311157,0.0,50,Cherry,0.5,1.0,50,50,2026-10-06T04:36:00.594113
2_50_tips,58.0,0.6170212765957447,0.8184066945,0.207815369521076,50,,Phyloformer,5.387287378311157,0.0,50,Cherry,0.5,1.0,50,50,2026-10-06T04:36:00.594113
18_50_tips,26.0,0.2765957446808511,1.0156367514999995,0.2514938787389003,50,,Phyloformer,7.494623899459839,0.0,100,Cherry,0.5,1.0,50,100,2026-10-06T04:36:20.023202
17_50_tips,36.0,0.3829787234042553,1.158543584,0.2772950693411813,50,,Phyloformer,7.494623899459839,0.0,100,Cherry,0.5,1.0,50,100,2026-10-06T04:36:20.023202
16_50_tips,56.0,0.5957446808510638,0.683768819,0.2031055403271208,50,,Phyloformer,7.494623899459839,0.0,100,Cherry,0.5,1.0,50,100,2026-10-06T04:36:20.023202
7_50_tips,30.0,0.3191489361702128,1.171096414,0.31484334606305,50,,Phyloformer,7.494623899459839,0.0,100,Cherry,0.5,1.0,50,100,2026-10-06T04:36:20.023202
12_50_tips,30.0,0.3191489361702128,1.31672305,0.3728576424177039,50,,Phyloformer,7.494623899459839,0.0,100,Cherry,0.5,1.0,50,100,2026-10-06T04:36:20.023202
0_50_tips,42.0,0.4468085106382978,0.814908983,0.181759089261712,50,,Phyloformer,7.494623899459839,0.0,100,Cherry,0.5,1.0,50,100,2026-10-06T04:36:20.023202
14_50_tips,28.0,0.2978723404255319,0.8822536489999999,0.1923918956319023,50,,Phyloformer,7.494623899459839,0.0,100,Cherry,0.5,1.0,50,100,2026-10-06T04:36:20.023202
8_50_tips,40.0,0.425531914893617,1.1789218076,0.3045982536105173,50,,Phyloformer,7.494623899459839,0.0,100,Cherry,0.5,1.0,50,100,2026-10-06T04:36:20.023202
15_50_tips,32.0,0.3404255319148936,0.9705329700000004,0.1856063665184675,50,,Phyloformer,7.494623899459839,0.0,100,Cherry,0.5,1.0,50,100,2026-10-06T04:36:20.023202
10_50_tips,28.0,0.2978723404255319,1.4003145839999998,0.3343160789930419,50,,Phyloformer,7.494623899459839,0.0,100,Cherry,0.5,1.0,50,100,2026-10-06T04:36:20.023202
1_50_tips,14.0,0.1489361702127659,1.052837366,0.2514162159471312,50,,Phyloformer,7.494623899459839,0.0,100,Cherry,0.5,1.0,50,100,2026-10-06T04:36:20.023202
19_50_tips,34.0,0.3617021276595745,1.2062360615000003,0.2475467057993864,50,,Phyloformer,7.494623899459839,0.0,100,Cherry,0.5,1.0,50,100,2026-10-06T04:36:20.023202
5_50_tips,26.0,0.2765957446808511,1.4995740840000005,0.3118505136245673,50,,Phyloformer,7.494623899459839,0.0,100,Cherry,0.5,1.0,50,100,2026-10-06T04:36:20.023202
3_50_tips,26.0,0.2765957446808511,1.3459414560000005,0.2575005208340343,50,,Phyloformer,7.494623899459839,0.0,100,Cherry,0.5,1.0,50,100,2026-10-06T04:36:20.023202
4_50_tips,16.0,0.1702127659574468,1.085951211,0.2334943811830858,50,,Phyloformer,7.494623899459839,0.0,100,Cherry,0.5,1.0,50,100,2026-10-06T04:36:20.023202
13_50_tips,32.0,0.3404255319148936,0.9781373870000004,0.2263131428422371,50,,Phyloformer,7.494623899459839,0.0,100,Cherry,0.5,1.0,50,100,2026-10-06T04:36:20.023202
11_50_tips,36.0,0.3829787234042553,0.8244664500000001,0.1800297084805374,50,,Phyloformer,7.494623899459839,0.0,100,Cherry,0.5,1.0,50,100,2026-10-06T04:36:20.023202
9_50_tips,36.0,0.3829787234042553,1.013972721,0.2971647739100475,50,,Phyloformer,7.494623899459839,0.0,100,Cherry,0.5,1.0,50,100,2026-10-06T04:36:20.023202
6_50_tips,50.0,0.5319148936170213,0.9853754475,0.2994767713399482,50,,Phyloformer,7.494623899459839,0.0,100,Cherry,0.5,1.0,50,100,2026-10-06T04:36:20.023202
2_50_tips,46.0,0.4893617021276595,0.7055571145000002,0.1780513447120427,50,,Phyloformer,7.494623899459839,0.0,100,Cherry,0.5,1.0,50,100,2026-10-06T04:36:20.023202
18_50_tips,20.0,0.2127659574468085,0.8041196715,0.2177618932196492,50,,Phyloformer,10.85041069984436,0.0,200,Cherry,0.5,1.0,50,200,2026-10-06T04:36:46.125268
17_50_tips,16.0,0.1702127659574468,1.1619181739999995,0.3314614528132905,50,,Phyloformer,10.85041069984436,0.0,200,Cherry,0.5,1.0,50,200,2026-10-06T04:36:46.125268
16_50_tips,38.0,0.4042553191489361,0.5855415910000002,0.1989669652166186,50,,Phyloformer,10.85041069984436,0.0,200,Cherry,0.5,1.0,50,200,2026-10-06T04:36:46.125268
7_50_tips,14.0,0.1489361702127659,1.0561731240000003,0.2909632495214542,50,,Phyloformer,10.85041069984436,0.0,200,Cherry,0.5,1.0,50,200,2026-10-06T04:36:46.125268
12_50_tips,20.0,0.2127659574468085,1.1996332500000004,0.3333049198334565,50,,Phyloformer,10.85041069984436,0.0,200,Cherry,0.5,1.0,50,200,2026-10-06T04:36:46.125268
0_50_tips,32.0,0.3404255319148936,0.5729238249999999,0.1368044101764557,50,,Phyloformer,10.85041069984436,0.0,200,Cherry,0.5,1.0,50,200,2026-10-06T04:36:46.125268
14_50_tips,28.0,0.2978723404255319,0.7846554409999997,0.2017147868670499,50,,Phyloformer,10.85041069984436,0.0,200,Cherry,0.5,1.0,50,200,2026-10-06T04:36:46.125268
8_50_tips,36.0,0.3829787234042553,1.0430323076,0.2582082533305181,50,,Phyloformer,10.85041069984436,0.0,200,Cherry,0.5,1.0,50,200,2026-10-06T04:36:46.125268
15_50_tips,16.0,0.1702127659574468,0.7925130700000004,0.1650381683576092,50,,Phyloformer,10.85041069984436,0.0,200,Cherry,0.5,1.0,50,200,2026-10-06T04:36:46.125268
10_50_tips,20.0,0.2127659574468085,1.2301503740000002,0.2935127382680267,50,,Phyloformer,10.85041069984436,0.0,200,Cherry,0.5,1.0,50,200,2026-10-06T04:36:46.125268
1_50_tips,10.0,0.1063829787234042,0.956200456,0.2300007300028543,50,,Phyloformer,10.85041069984436,0.0,200,Cherry,0.5,1.0,50,200,2026-10-06T04:36:46.125268
19_50_tips,16.0,0.1702127659574468,1.1736060815,0.2609720701053895,50,,Phyloformer,10.85041069984436,0.0,200,Cherry,0.5,1.0,50,200,2026-10-06T04:36:46.125268
5_50_tips,28.0,0.2978723404255319,1.384216294000001,0.310950914530441,50,,Phyloformer,10.85041069984436,0.0,200,Cherry,0.5,1.0,50,200,2026-10-06T04:36:46.125268
3_50_tips,20.0,0.2127659574468085,1.374508476,0.280149958121894,50,,Phyloformer,10.85041069984436,0.0,200,Cherry,0.5,1.0,50,200,2026-10-06T04:36:46.125268
4_50_tips,24.0,0.2553191489361702,1.068084921,0.2384365201790864,50,,Phyloformer,10.85041069984436,0.0,200,Cherry,0.5,1.0,50,200,2026-10-06T04:36:46.125268
13_50_tips,28.0,0.2978723404255319,0.922129867,0.2143817063005019,50,,Phyloformer,10.85041069984436,0.0,200,Cherry,0.5,1.0,50,200,2026-10-06T04:36:46.125268
11_50_tips,26.0,0.2765957446808511,0.66613506,0.1456552252741156,50,,Phyloformer,10.85041069984436,0.0,200,Cherry,0.5,1.0,50,200,2026-10-06T04:36:46.125268
9_50_tips,18.0,0.1914893617021276,0.953418631,0.2850482240900946,50,,Phyloformer,10.85041069984436,0.0,200,Cherry,0.5,1.0,50,200,2026-10-06T04:36:46.125268
6_50_tips,38.0,0.4042553191489361,0.8061228634999996,0.248963292942221,50,,Phyloformer,10.85041069984436,0.0,200,Cherry,0.5,1.0,50,200,2026-10-06T04:36:46.125268
2_50_tips,34.0,0.3617021276595745,0.5187941045000001,0.135823837087041,50,,Phyloformer,10.85041069984436,0.0,200,Cherry,0.5,1.0,50,200,2026-10-06T04:36:46.125268
13_75_tips,108.0,0.75,1.8743008110000008,0.3825391536256804,75,,Phyloformer,6.034879446029663,0.0,20,Cherry,0.5,1.0,75,20,2026-10-06T04:37:04.222264
14_75_tips,118.0,0.8194444444444444,1.4224011806300003,0.2319068918341197,75,,Phyloformer,6.034879446029663,0.0,20,Cherry,0.5,1.0,75,20,2026-10-06T04:37:04.222264
6_75_tips,114.0,0.7916666666666666,1.3187461540000005,0.2359146692421462,75,,Phyloformer,6.034879446029663,0.0,20,Cherry,0.5,1.0,75,20,2026-10-06T04:37:04.222264
10_75_tips,126.0,0.875,2.2155657679999994,0.2940361824920464,75,,Phyloformer,6.034879446029663,0.0,20,Cherry,0.5,1.0,75,20,2026-10-06T04:37:04.222264
7_75_tips,110.0,0.7638888888888888,2.295076097,0.3434773623651336,75,,Phyloformer,6.034879446029663,0.0,20,Cherry,0.5,1.0,75,20,2026-10-06T04:37:04.222264
0_75_tips,114.0,0.7916666666666666,1.609634415999999,0.3034447075697077,75,,Phyloformer,6.034879446029663,0.0,20,Cherry,0.5,1.0,75,20,2026-10-06T04:37:04.222264
19_75_tips,96.0,0.6666666666666666,2.800331542,0.4583548925867678,75,,Phyloformer,6.034879446029663,0.0,20,Cherry,0.5,1.0,75,20,2026-10-06T04:37:04.222264
12_75_tips,126.0,0.875,1.83989158,0.2550085524400075,75,,Phyloformer,6.034879446029663,0.0,20,Cherry,0.5,1.0,75,20,2026-10-06T04:37:04.222264
18_75_tips,100.0,0.6944444444444444,1.2674330025499994,0.2736205791877049,75,,Phyloformer,6.034879446029663,0.0,20,Cherry,0.5,1.0,75,20,2026-10-06T04:37:04.222264
5_75_tips,98.0,0.6805555555555556,2.021613664,0.3693736053112618,75,,Phyloformer,6.034879446029663,0.0,20,Cherry,0.5,1.0,75,20,2026-10-06T04:37:04.222264
8_75_tips,110.0,0.7638888888888888,1.970482866,0.3315919790918631,75,,Phyloformer,6.034879446029663,0.0,20,Cherry,0.5,1.0,75,20,2026-10-06T04:37:04.222264
2_75_tips,112.0,0.7777777777777778,2.146409237400001,0.4104968897540467,75,,Phyloformer,6.034879446029663,0.0,20,Cherry,0.5,1.0,75,20,2026-10-06T04:37:04.222264
1_75_tips,112.0,0.7777777777777778,1.9511850226000005,0.3535054331253328,75,,Phyloformer,6.034879446029663,0.0,20,Cherry,0.5,1.0,75,20,2026-10-06T04:37:04.222264
9_75_tips,104.0,0.7222222222222222,1.6014444080000003,0.3578571477735102,75,,Phyloformer,6.034879446029663,0.0,20,Cherry,0.5,1.0,75,20,2026-10-06T04:37:04.222264
16_75_tips,88.0,0.6111111111111112,2.9865491790000003,0.4527539381666475,75,,Phyloformer,6.034879446029663,0.0,20,Cherry,0.5,1.0,75,20,2026-10-06T04:37:04.222264
3_75_tips,92.0,0.6388888888888888,2.187322692,0.3408636303636289,75,,Phyloformer,6.034879446029663,0.0,20,Cherry,0.5,1.0,75,20,2026-10-06T04:37:04.222264
15_75_tips,104.0,0.7222222222222222,1.451074864099999,0.2693545296295616,75,,Phyloformer,6.034879446029663,0.0,20,Cherry,0.5,1.0,75,20,2026-10-06T04:37:04.222264
11_75_tips,114.0,0.7916666666666666,2.5043866120000016,0.4068479395187282,75,,Phyloformer,6.034879446029663,0.0,20,Cherry,0.5,1.0,75,20,2026-10-06T04:37:04.222264
4_75_tips,102.0,0.7083333333333334,1.7148556980800005,0.3987757149292359,75,,Phyloformer,6.034879446029663,0.0,20,Cherry,0.5,1.0,75,20,2026-10-06T04:37:04.222264
17_75_tips,116.0,0.8055555555555556,1.8065911419999976,0.3391077453603846,75,,Phyloformer,6.034879446029663,0.0,20,Cherry,0.5,1.0,75,20,2026-10-06T04:37:04.222264
14_75_tips,92.0,0.6388888888888888,1.72631297063,0.3138526701372839,75,,Phyloformer,6.693913221359253,0.0,24,Cherry,0.5,1.0,75,25,2026-10-06T04:37:22.270031
13_75_tips,96.0,0.6666666666666666,1.6562989510000006,0.2638807008568307,75,,Phyloformer,6.693913221359253,0.0,24,Cherry,0.5,1.0,75,25,2026-10-06T04:37:22.270031
10_75_tips,110.0,0.7638888888888888,1.7955804279999996,0.2405284472288861,75,,Phyloformer,6.693913221359253,0.0,24,Cherry,0.5,1.0,75,25,2026-10-06T04:37:22.270031
6_75_tips,92.0,0.6388888888888888,1.354123354,0.2582084460986695,75,,Phyloformer,6.693913221359253,0.0,24,Cherry,0.5,1.0,75,25,2026-10-06T04:37:22.270031
0_75_tips,92.0,0.6388888888888888,1.605397206,0.314478544725181,75,,Phyloformer,6.693913221359253,0.0,24,Cherry,0.5,1.0,75,25,2026-10-06T04:37:22.270031
7_75_tips,114.0,0.7916666666666666,2.108528007,0.3073265672155887,75,,Phyloformer,6.693913221359253,0.0,24,Cherry,0.5,1.0,75,25,2026-10-06T04:37:22.270031
19_75_tips,72.0,0.5,1.9551881120000003,0.3004914341091662,75,,Phyloformer,6.693913221359253,0.0,24,Cherry,0.5,1.0,75,25,2026-10-06T04:37:22.270031
12_75_tips,128.0,0.8888888888888888,1.9014360400000003,0.259860760335006,75,,Phyloformer,6.693913221359253,0.0,24,Cherry,0.5,1.0,75,25,2026-10-06T04:37:22.270031
18_75_tips,120.0,0.8333333333333334,1.1557310025500005,0.2659217965515509,75,,Phyloformer,6.693913221359253,0.0,24,Cherry,0.5,1.0,75,25,2026-10-06T04:37:22.270031
5_75_tips,96.0,0.6666666666666666,2.159736044,0.3461203493820164,75,,Phyloformer,6.693913221359253,0.0,24,Cherry,0.5,1.0,75,25,2026-10-06T04:37:22.270031
2_75_tips,122.0,0.8472222222222222,1.4983234573999995,0.3275040024600733,75,,Phyloformer,6.693913221359253,0.0,24,Cherry,0.5,1.0,75,25,2026-10-06T04:37:22.270031
8_75_tips,124.0,0.8611111111111112,1.6973261859999993,0.3052533358098929,75,,Phyloformer,6.693913221359253,0.0,24,Cherry,0.5,1.0,75,25,2026-10-06T04:37:22.270031
9_75_tips,102.0,0.7083333333333334,1.4446431680000005,0.2792192425910436,75,,Phyloformer,6.693913221359253,0.0,24,Cherry,0.5,1.0,75,25,2026-10-06T04:37:22.270031
1_75_tips,102.0,0.7083333333333334,2.0798210226,0.3901395071797544,75,,Phyloformer,6.693913221359253,0.0,24,Cherry,0.5,1.0,75,25,2026-10-06T04:37:22.270031
16_75_tips,86.0,0.5972222222222222,2.454237648999999,0.375540780756675,75,,Phyloformer,6.693913221359253,0.0,24,Cherry,0.5,1.0,75,25,2026-10-06T04:37:22.270031
3_75_tips,112.0,0.7777777777777778,2.0971227720000005,0.3234790367532124,75,,Phyloformer,6.693913221359253,0.0,24,Cherry,0.5,1.0,75,25,2026-10-06T04:37:22.270031
11_75_tips,82.0,0.5694444444444444,2.5635082020000004,0.3984078613213361,75,,Phyloformer,6.693913221359253,0.0,24,Cherry,0.5,1.0,75,25,2026-10-06T04:37:22.270031
15_75_tips,92.0,0.6388888888888888,1.422061624099999,0.2554988047477282,75,,Phyloformer,6.693913221359253,0.0,24,Cherry,0.5,1.0,75,25,2026-10-06T04:37:22.270031
17_75_tips,108.0,0.75,1.426887832,0.2692280700034606,75,,Phyloformer,6.693913221359253,0.0,24,Cherry,0.5,1.0,75,25,2026-10-06T04:37:22.270031
4_75_tips,108.0,0.75,1.7034867680799994,0.3403307473441915,75,,Phyloformer,6.693913221359253,0.0,24,Cherry,0.5,1.0,75,25,2026-10-06T04:37:22.270031
13_75_tips,68.0,0.4722222222222222,1.5646281710000007,0.3169287608983511,75,,Phyloformer,8.716423273086548,0.0,50,Cherry,0.5,1.0,75,50,2026-10-06T04:37:44.350758
14_75_tips,78.0,0.5416666666666666,1.12731222063,0.2239185593639198,75,,Phyloformer,8.716423273086548,0.0,50,Cherry,0.5,1.0,75,50,2026-10-06T04:37:44.350758
6_75_tips,62.0,0.4305555555555556,1.0569109439999995,0.1977807972656343,75,,Phyloformer,8.716423273086548,0.0,50,Cherry,0.5,1.0,75,50,2026-10-06T04:37:44.350758
10_75_tips,68.0,0.4722222222222222,1.478015982,0.2013944310907506,75,,Phyloformer,8.716423273086548,0.0,50,Cherry,0.5,1.0,75,50,2026-10-06T04:37:44.350758
7_75_tips,64.0,0.4444444444444444,1.4682065670000002,0.2583083291099719,75,,Phyloformer,8.716423273086548,0.0,50,Cherry,0.5,1.0,75,50,2026-10-06T04:37:44.350758
0_75_tips,80.0,0.5555555555555556,1.5709055160000005,0.3193596819410951,75,,Phyloformer,8.716423273086548,0.0,50,Cherry,0.5,1.0,75,50,2026-10-06T04:37:44.350758
19_75_tips,68.0,0.4722222222222222,1.9554640780000003,0.3368295522304558,75,,Phyloformer,8.716423273086548,0.0,50,Cherry,0.5,1.0,75,50,2026-10-06T04:37:44.350758
12_75_tips,104.0,0.7222222222222222,1.51138707,0.2094706401521901,75,,Phyloformer,8.716423273086548,0.0,50,Cherry,0.5,1.0,75,50,2026-10-06T04:37:44.350758
5_75_tips,68.0,0.4722222222222222,1.6948421260000004,0.2922560635768739,75,,Phyloformer,8.716423273086548,0.0,50,Cherry,0.5,1.0,75,50,2026-10-06T04:37:44.350758
18_75_tips,86.0,0.5972222222222222,0.94367613455,0.1888405068754117,75,,Phyloformer,8.716423273086548,0.0,50,Cherry,0.5,1.0,75,50,2026-10-06T04:37:44.350758
2_75_tips,100.0,0.6944444444444444,1.2656849473999994,0.2289684277114445,75,,Phyloformer,8.716423273086548,0.0,50,Cherry,0.5,1.0,75,50,2026-10-06T04:37:44.350758
8_75_tips,78.0,0.5416666666666666,1.45909672,0.244550046757855,75,,Phyloformer,8.716423273086548,0.0,50,Cherry,0.5,1.0,75,50,2026-10-06T04:37:44.350758
1_75_tips,74.0,0.5138888888888888,1.4110197611999995,0.2524432956440716,75,,Phyloformer,8.716423273086548,0.0,50,Cherry,0.5,1.0,75,50,2026-10-06T04:37:44.350758
9_75_tips,80.0,0.5555555555555556,1.196648148,0.2362383905889927,75,,Phyloformer,8.716423273086548,0.0,50,Cherry,0.5,1.0,75,50,2026-10-06T04:37:44.350758
16_75_tips,60.0,0.4166666666666667,1.998426489,0.3217810232790554,75,,Phyloformer,8.716423273086548,0.0,50,Cherry,0.5,1.0,75,50,2026-10-06T04:37:44.350758
3_75_tips,68.0,0.4722222222222222,1.818996182000001,0.2881823260810751,75,,Phyloformer,8.716423273086548,0.0,50,Cherry,0.5,1.0,75,50,2026-10-06T04:37:44.350758
11_75_tips,58.0,0.4027777777777778,1.8825283220000004,0.3237033467884902,75,,Phyloformer,8.716423273086548,0.0,50,Cherry,0.5,1.0,75,50,2026-10-06T04:37:44.350758
15_75_tips,72.0,0.5,1.0920290941000008,0.1967468900624559,75,,Phyloformer,8.716423273086548,0.0,50,Cherry,0.5,1.0,75,50,2026-10-06T04:37:44.350758
17_75_tips,90.0,0.625,1.2845481019999994,0.2552879880372626,75,,Phyloformer,8.716423273086548,0.0,50,Cherry,0.5,1.0,75,50,2026-10-06T04:37:44.350758
4_75_tips,84.0,0.5833333333333334,1.32217846808,0.3372008064392295,75,,Phyloformer,8.716423273086548,0.0,50,Cherry,0.5,1.0,75,50,2026-10-06T04:37:44.350758
14_75_tips,62.0,0.4305555555555556,0.8955450606299997,0.1701094789176901,75,,Phyloformer,12.541213512420654,0.0,100,Cherry,0.5,1.0,75,100,2026-10-06T04:38:14.158439
13_75_tips,56.0,0.3888888888888889,1.277417551,0.2432574528709509,75,,Phyloformer,12.541213512420654,0.0,100,Cherry,0.5,1.0,75,100,2026-10-06T04:38:14.158439
10_75_tips,62.0,0.4305555555555556,1.1720119480000004,0.1821737930461626,75,,Phyloformer,12.541213512420654,0.0,100,Cherry,0.5,1.0,75,100,2026-10-06T04:38:14.158439
6_75_tips,48.0,0.3333333333333333,0.9647701260000002,0.1962048527823476,75,,Phyloformer,12.541213512420654,0.0,100,Cherry,0.5,1.0,75,100,2026-10-06T04:38:14.158439
0_75_tips,58.0,0.4027777777777778,0.9967615259999996,0.2682185638208499,75,,Phyloformer,12.541213512420654,0.0,100,Cherry,0.5,1.0,75,100,2026-10-06T04:38:14.158439
7_75_tips,56.0,0.3888888888888889,1.621070747,0.2677207162569923,75,,Phyloformer,12.541213512420654,0.0,100,Cherry,0.5,1.0,75,100,2026-10-06T04:38:14.158439
19_75_tips,40.0,0.2777777777777778,1.8180159620000005,0.3273174658361806,75,,Phyloformer,12.541213512420654,0.0,100,Cherry,0.5,1.0,75,100,2026-10-06T04:38:14.158439
12_75_tips,88.0,0.6111111111111112,1.269438186,0.1840752030675637,75,,Phyloformer,12.541213512420654,0.0,100,Cherry,0.5,1.0,75,100,2026-10-06T04:38:14.158439
18_75_tips,90.0,0.625,0.8187023525500002,0.1777663409157647,75,,Phyloformer,12.541213512420654,0.0,100,Cherry,0.5,1.0,75,100,2026-10-06T04:38:14.158439
5_75_tips,48.0,0.3333333333333333,1.3061431739999996,0.2329418970622709,75,,Phyloformer,12.541213512420654,0.0,100,Cherry,0.5,1.0,75,100,2026-10-06T04:38:14.158439
8_75_tips,58.0,0.4027777777777778,1.0510540500000003,0.1710231859299049,75,,Phyloformer,12.541213512420654,0.0,100,Cherry,0.5,1.0,75,100,2026-10-06T04:38:14.158439
2_75_tips,76.0,0.5277777777777778,1.2062737406,0.2836231045448603,75,,Phyloformer,12.541213512420654,0.0,100,Cherry,0.5,1.0,75,100,2026-10-06T04:38:14.158439
9_75_tips,52.0,0.3611111111111111,0.965797826,0.2193183890496407,75,,Phyloformer,12.541213512420654,0.0,100,Cherry,0.5,1.0,75,100,2026-10-06T04:38:14.158439
1_75_tips,70.0,0.4861111111111111,1.4569499726,0.2993011243016567,75,,Phyloformer,12.541213512420654,0.0,100,Cherry,0.5,1.0,75,100,2026-10-06T04:38:14.158439
16_75_tips,36.0,0.25,1.7219539890000006,0.281592873348694,75,,Phyloformer,12.541213512420654,0.0,100,Cherry,0.5,1.0,75,100,2026-10-06T04:38:14.158439
3_75_tips,50.0,0.3472222222222222,1.591157311999999,0.2850819572369783,75,,Phyloformer,12.541213512420654,0.0,100,Cherry,0.5,1.0,75,100,2026-10-06T04:38:14.158439
11_75_tips,48.0,0.3333333333333333,1.683028872,0.3147770597816015,75,,Phyloformer,12.541213512420654,0.0,100,Cherry,0.5,1.0,75,100,2026-10-06T04:38:14.158439
15_75_tips,74.0,0.5138888888888888,0.9560951441000004,0.19952069339815,75,,Phyloformer,12.541213512420654,0.0,100,Cherry,0.5,1.0,75,100,2026-10-06T04:38:14.158439
17_75_tips,70.0,0.4861111111111111,1.2519457420000002,0.229822508543504,75,,Phyloformer,12.541213512420654,0.0,100,Cherry,0.5,1.0,75,100,2026-10-06T04:38:14.158439
4_75_tips,58.0,0.4027777777777778,1.1375067380800004,0.2715969648908933,75,,Phyloformer,12.541213512420654,0.0,100,Cherry,0.5,1.0,75,100,2026-10-06T04:38:14.158439
14_75_tips,54.0,0.375,0.9350219906299998,0.1928460157031043,75,,Phyloformer,21.316458463668823,0.0,200,Cherry,0.5,1.0,75,200,2026-10-06T04:39:01.711219
13_75_tips,58.0,0.4027777777777778,1.3839653709999995,0.298703480447669,75,,Phyloformer,21.316458463668823,0.0,200,Cherry,0.5,1.0,75,200,2026-10-06T04:39:01.711219
10_75_tips,42.0,0.2916666666666667,0.9322105679999998,0.1537089198551609,75,,Phyloformer,21.316458463668823,0.0,200,Cherry,0.5,1.0,75,200,2026-10-06T04:39:01.711219
6_75_tips,44.0,0.3055555555555556,0.8913420339999993,0.172410334829323,75,,Phyloformer,21.316458463668823,0.0,200,Cherry,0.5,1.0,75,200,2026-10-06T04:39:01.711219
0_75_tips,44.0,0.3055555555555556,1.025616856,0.2343031751045876,75,,Phyloformer,21.316458463668823,0.0,200,Cherry,0.5,1.0,75,200,2026-10-06T04:39:01.711219
7_75_tips,42.0,0.2916666666666667,1.028471995,0.1824632291540704,75,,Phyloformer,21.316458463668823,0.0,200,Cherry,0.5,1.0,75,200,2026-10-06T04:39:01.711219
19_75_tips,34.0,0.2361111111111111,1.5842616719999998,0.2955911940057852,75,,Phyloformer,21.316458463668823,0.0,200,Cherry,0.5,1.0,75,200,2026-10-06T04:39:01.711219
12_75_tips,64.0,0.4444444444444444,0.9551184600000004,0.1550292457485685,75,,Phyloformer,21.316458463668823,0.0,200,Cherry,0.5,1.0,75,200,2026-10-06T04:39:01.711219
18_75_tips,58.0,0.4027777777777778,0.7256065805499997,0.1747170854691881,75,,Phyloformer,21.316458463668823,0.0,200,Cherry,0.5,1.0,75,200,2026-10-06T04:39:01.711219
5_75_tips,46.0,0.3194444444444444,1.3087216440000002,0.2172498830525787,75,,Phyloformer,21.316458463668823,0.0,200,Cherry,0.5,1.0,75,200,2026-10-06T04:39:01.711219
2_75_tips,58.0,0.4027777777777778,1.0184517905999997,0.2500925471556078,75,,Phyloformer,21.316458463668823,0.0,200,Cherry,0.5,1.0,75,200,2026-10-06T04:39:01.711219
8_75_tips,38.0,0.2638888888888889,1.051084446,0.1978336452565868,75,,Phyloformer,21.316458463668823,0.0,200,Cherry,0.5,1.0,75,200,2026-10-06T04:39:01.711219
9_75_tips,54.0,0.375,0.8991100280000002,0.2057082729488989,75,,Phyloformer,21.316458463668823,0.0,200,Cherry,0.5,1.0,75,200,2026-10-06T04:39:01.711219
1_75_tips,52.0,0.3611111111111111,1.2111476026000003,0.2700498417264874,75,,Phyloformer,21.316458463668823,0.0,200,Cherry,0.5,1.0,75,200,2026-10-06T04:39:01.711219
16_75_tips,20.0,0.1388888888888889,1.5399930209999997,0.24560313637297,75,,Phyloformer,21.316458463668823,0.0,200,Cherry,0.5,1.0,75,200,2026-10-06T04:39:01.711219
3_75_tips,20.0,0.1388888888888889,1.392207332,0.2720920755007757,75,,Phyloformer,21.316458463668823,0.0,200,Cherry,0.5,1.0,75,200,2026-10-06T04:39:01.711219
11_75_tips,18.0,0.125,1.4483349220000004,0.2689867453255913,75,,Phyloformer,21.316458463668823,0.0,200,Cherry,0.5,1.0,75,200,2026-10-06T04:39:01.711219
15_75_tips,36.0,0.25,0.7349661240999997,0.1520698503125402,75,,Phyloformer,21.316458463668823,0.0,200,Cherry,0.5,1.0,75,200,2026-10-06T04:39:01.711219
17_75_tips,66.0,0.4583333333333333,1.1353419889999996,0.2186236199606488,75,,Phyloformer,21.316458463668823,0.0,200,Cherry,0.5,1.0,75,200,2026-10-06T04:39:01.711219
4_75_tips,56.0,0.3888888888888889,1.1946378980799996,0.3199244579182325,75,,Phyloformer,21.316458463668823,0.0,200,Cherry,0.5,1.0,75,200,2026-10-06T04:39:01.711219
13_100_tips,168.0,0.865979381443299,2.942759236999998,0.4556125786305061,100,,Phyloformer,8.735307455062866,0.0,20,Cherry,0.5,1.0,100,20,2026-10-06T04:39:26.718983
14_100_tips,140.0,0.7216494845360825,2.165045446899999,0.3317812527574914,100,,Phyloformer,8.735307455062866,0.0,20,Cherry,0.5,1.0,100,20,2026-10-06T04:39:26.718983
16_100_tips,170.0,0.8762886597938144,2.096094283,0.4846494339037968,100,,Phyloformer,8.735307455062866,0.0,20,Cherry,0.5,1.0,100,20,2026-10-06T04:39:26.718983
0_100_tips,158.0,0.8144329896907216,1.8014563101949992,0.3031041985037274,100,,Phyloformer,8.735307455062866,0.0,20,Cherry,0.5,1.0,100,20,2026-10-06T04:39:26.718983
7_100_tips,152.0,0.7835051546391752,2.140739512600001,0.353048614830493,100,,Phyloformer,8.735307455062866,0.0,20,Cherry,0.5,1.0,100,20,2026-10-06T04:39:26.718983
4_100_tips,144.0,0.7422680412371134,1.6552557044000005,0.2811072473981023,100,,Phyloformer,8.735307455062866,0.0,20,Cherry,0.5,1.0,100,20,2026-10-06T04:39:26.718983
1_100_tips,160.0,0.8247422680412371,2.1463362095000016,0.369873642410793,100,,Phyloformer,8.735307455062866,0.0,20,Cherry,0.5,1.0,100,20,2026-10-06T04:39:26.718983
3_100_tips,168.0,0.865979381443299,1.9693873402000008,0.3333142901177915,100,,Phyloformer,8.735307455062866,0.0,20,Cherry,0.5,1.0,100,20,2026-10-06T04:39:26.718983
10_100_tips,180.0,0.9278350515463918,2.0277815145000004,0.2627867118399621,100,,Phyloformer,8.735307455062866,0.0,20,Cherry,0.5,1.0,100,20,2026-10-06T04:39:26.718983
8_100_tips,150.0,0.7731958762886598,1.5646126519999994,0.2353435764422965,100,,Phyloformer,8.735307455062866,0.0,20,Cherry,0.5,1.0,100,20,2026-10-06T04:39:26.718983
12_100_tips,150.0,0.7731958762886598,2.7803925109999974,0.384460485160524,100,,Phyloformer,8.735307455062866,0.0,20,Cherry,0.5,1.0,100,20,2026-10-06T04:39:26.718983
17_100_tips,170.0,0.8762886597938144,1.2858792750900003,0.2572034201875956,100,,Phyloformer,8.735307455062866,0.0,20,Cherry,0.5,1.0,100,20,2026-10-06T04:39:26.718983
5_100_tips,146.0,0.7525773195876289,2.4708138100000023,0.3657307534700049,100,,Phyloformer,8.735307455062866,0.0,20,Cherry,0.5,1.0,100,20,2026-10-06T04:39:26.718983
2_100_tips,138.0,0.711340206185567,2.405461636500001,0.3528931828779164,100,,Phyloformer,8.735307455062866,0.0,20,Cherry,0.5,1.0,100,20,2026-10-06T04:39:26.718983
18_100_tips,112.0,0.5773195876288659,2.5956403589999995,0.3795796334966719,100,,Phyloformer,8.735307455062866,0.0,20,Cherry,0.5,1.0,100,20,2026-10-06T04:39:26.718983
11_100_tips,122.0,0.6288659793814433,2.6045083823,0.3654751830003096,100,,Phyloformer,8.735307455062866,0.0,20,Cherry,0.5,1.0,100,20,2026-10-06T04:39:26.718983
9_100_tips,142.0,0.7319587628865979,1.4174449043,0.2266306087780009,100,,Phyloformer,8.735307455062866,0.0,20,Cherry,0.5,1.0,100,20,2026-10-06T04:39:26.718983
6_100_tips,150.0,0.7731958762886598,1.203111503680001,0.2338536066043171,100,,Phyloformer,8.735307455062866,0.0,20,Cherry,0.5,1.0,100,20,2026-10-06T04:39:26.718983
19_100_tips,164.0,0.845360824742268,2.0322766745,0.3437157726454636,100,,Phyloformer,8.735307455062866,0.0,20,Cherry,0.5,1.0,100,20,2026-10-06T04:39:26.718983
15_100_tips,158.0,0.8144329896907216,2.03512096745,0.3093930353330399,100,,Phyloformer,8.735307455062866,0.0,20,Cherry,0.5,1.0,100,20,2026-10-06T04:39:26.718983
14_100_tips,152.0,0.7835051546391752,2.275935766900001,0.3485954765294933,100,,Phyloformer,9.26274847984314,0.0,24,Cherry,0.5,1.0,100,25,2026-10-06T04:39:52.324539
13_100_tips,142.0,0.7319587628865979,2.457901847,0.394256364279987,100,,Phyloformer,9.26274847984314,0.0,24,Cherry,0.5,1.0,100,25,2026-10-06T04:39:52.324539
0_100_tips,144.0,0.7422680412371134,1.507716558195001,0.2721401350807756,100,,Phyloformer,9.26274847984314,0.0,24,Cherry,0.5,1.0,100,25,2026-10-06T04:39:52.324539
16_100_tips,144.0,0.7422680412371134,1.901573372999999,0.3934869953490772,100,,Phyloformer,9.26274847984314,0.0,24,Cherry,0.5,1.0,100,25,2026-10-06T04:39:52.324539
4_100_tips,136.0,0.7010309278350515,1.3976016944000007,0.2814734096519907,100,,Phyloformer,9.26274847984314,0.0,24,Cherry,0.5,1.0,100,25,2026-10-06T04:39:52.324539
7_100_tips,162.0,0.8350515463917526,2.141083782600001,0.3564149956815315,100,,Phyloformer,9.26274847984314,0.0,24,Cherry,0.5,1.0,100,25,2026-10-06T04:39:52.324539
1_100_tips,144.0,0.7422680412371134,1.9895710495000003,0.3423353421899994,100,,Phyloformer,9.26274847984314,0.0,24,Cherry,0.5,1.0,100,25,2026-10-06T04:39:52.324539
8_100_tips,172.0,0.8865979381443299,1.867291692,0.313799639847074,100,,Phyloformer,9.26274847984314,0.0,24,Cherry,0.5,1.0,100,25,2026-10-06T04:39:52.324539
3_100_tips,136.0,0.7010309278350515,1.4548415102000014,0.2304582065419758,100,,Phyloformer,9.26274847984314,0.0,24,Cherry,0.5,1.0,100,25,2026-10-06T04:39:52.324539
12_100_tips,146.0,0.7525773195876289,2.568087411,0.3417731011293361,100,,Phyloformer,9.26274847984314,0.0,24,Cherry,0.5,1.0,100,25,2026-10-06T04:39:52.324539
10_100_tips,184.0,0.9484536082474226,1.8169103445,0.2337445153039446,100,,Phyloformer,9.26274847984314,0.0,24,Cherry,0.5,1.0,100,25,2026-10-06T04:39:52.324539
5_100_tips,134.0,0.6907216494845361,2.38947589,0.3818436440733617,100,,Phyloformer,9.26274847984314,0.0,24,Cherry,0.5,1.0,100,25,2026-10-06T04:39:52.324539
18_100_tips,144.0,0.7422680412371134,3.040101459000004,0.4639692863172977,100,,Phyloformer,9.26274847984314,0.0,24,Cherry,0.5,1.0,100,25,2026-10-06T04:39:52.324539
17_100_tips,168.0,0.865979381443299,1.2298829850899995,0.2472786608208265,100,,Phyloformer,9.26274847984314,0.0,24,Cherry,0.5,1.0,100,25,2026-10-06T04:39:52.324539
9_100_tips,166.0,0.8556701030927835,1.5538259842999995,0.2864122311552961,100,,Phyloformer,9.26274847984314,0.0,24,Cherry,0.5,1.0,100,25,2026-10-06T04:39:52.324539
2_100_tips,148.0,0.7628865979381443,1.7034400264999985,0.2717807025957955,100,,Phyloformer,9.26274847984314,0.0,24,Cherry,0.5,1.0,100,25,2026-10-06T04:39:52.324539
19_100_tips,160.0,0.8247422680412371,1.9110077505000007,0.2700070124689075,100,,Phyloformer,9.26274847984314,0.0,24,Cherry,0.5,1.0,100,25,2026-10-06T04:39:52.324539
11_100_tips,124.0,0.6391752577319587,2.7147687823,0.3920341235121365,100,,Phyloformer,9.26274847984314,0.0,24,Cherry,0.5,1.0,100,25,2026-10-06T04:39:52.324539
6_100_tips,166.0,0.8556701030927835,1.2003639836799989,0.2174618185666552,100,,Phyloformer,9.26274847984314,0.0,24,Cherry,0.5,1.0,100,25,2026-10-06T04:39:52.324539
15_100_tips,154.0,0.7938144329896907,2.00224468745,0.2847245412804305,100,,Phyloformer,9.26274847984314,0.0,24,Cherry,0.5,1.0,100,25,2026-10-06T04:39:52.324539
13_100_tips,114.0,0.5876288659793815,1.8270099970000004,0.3016052113732569,100,,Phyloformer,13.142516613006592,0.0,50,Cherry,0.5,1.0,100,50,2026-10-06T04:40:24.010410
14_100_tips,126.0,0.6494845360824743,1.9041363668999995,0.2667137146696735,100,,Phyloformer,13.142516613006592,0.0,50,Cherry,0.5,1.0,100,50,2026-10-06T04:40:24.010410
0_100_tips,120.0,0.6185567010309279,1.430625570195,0.2345671224991005,100,,Phyloformer,13.142516613006592,0.0,50,Cherry,0.5,1.0,100,50,2026-10-06T04:40:24.010410
16_100_tips,122.0,0.6288659793814433,1.6336399929999998,0.3367231345053328,100,,Phyloformer,13.142516613006592,0.0,50,Cherry,0.5,1.0,100,50,2026-10-06T04:40:24.010410
4_100_tips,118.0,0.6082474226804123,1.777396974399999,0.3533877149915576,100,,Phyloformer,13.142516613006592,0.0,50,Cherry,0.5,1.0,100,50,2026-10-06T04:40:24.010410
7_100_tips,124.0,0.6391752577319587,1.3695817725999992,0.199971546915951,100,,Phyloformer,13.142516613006592,0.0,50,Cherry,0.5,1.0,100,50,2026-10-06T04:40:24.010410
1_100_tips,118.0,0.6082474226804123,1.7322147795000005,0.283995977552619,100,,Phyloformer,13.142516613006592,0.0,50,Cherry,0.5,1.0,100,50,2026-10-06T04:40:24.010410
3_100_tips,136.0,0.7010309278350515,1.5085338502000007,0.2678532180692406,100,,Phyloformer,13.142516613006592,0.0,50,Cherry,0.5,1.0,100,50,2026-10-06T04:40:24.010410
8_100_tips,128.0,0.6597938144329897,1.7385968719999991,0.2741146496926708,100,,Phyloformer,13.142516613006592,0.0,50,Cherry,0.5,1.0,100,50,2026-10-06T04:40:24.010410
10_100_tips,164.0,0.845360824742268,1.3343672745,0.1613215363607497,100,,Phyloformer,13.142516613006592,0.0,50,Cherry,0.5,1.0,100,50,2026-10-06T04:40:24.010410
12_100_tips,80.0,0.4123711340206185,2.105491193,0.3077925990357272,100,,Phyloformer,13.142516613006592,0.0,50,Cherry,0.5,1.0,100,50,2026-10-06T04:40:24.010410
17_100_tips,158.0,0.8144329896907216,0.7683162450900004,0.165679586237585,100,,Phyloformer,13.142516613006592,0.0,50,Cherry,0.5,1.0,100,50,2026-10-06T04:40:24.010410
5_100_tips,90.0,0.4639175257731959,1.8071945800000004,0.2999616748619277,100,,Phyloformer,13.142516613006592,0.0,50,Cherry,0.5,1.0,100,50,2026-10-06T04:40:24.010410
18_100_tips,98.0,0.5051546391752577,2.5500610490000013,0.3873857125498627,100,,Phyloformer,13.142516613006592,0.0,50,Cherry,0.5,1.0,100,50,2026-10-06T04:40:24.010410
2_100_tips,118.0,0.6082474226804123,1.4751115064999991,0.2170975889125577,100,,Phyloformer,13.142516613006592,0.0,50,Cherry,0.5,1.0,100,50,2026-10-06T04:40:24.010410
11_100_tips,96.0,0.4948453608247423,2.147716132299999,0.3448158729552641,100,,Phyloformer,13.142516613006592,0.0,50,Cherry,0.5,1.0,100,50,2026-10-06T04:40:24.010410
9_100_tips,120.0,0.6185567010309279,1.1620203243000005,0.2169160379887003,100,,Phyloformer,13.142516613006592,0.0,50,Cherry,0.5,1.0,100,50,2026-10-06T04:40:24.010410
19_100_tips,136.0,0.7010309278350515,1.5409913905000006,0.222807862206868,100,,Phyloformer,13.142516613006592,0.0,50,Cherry,0.5,1.0,100,50,2026-10-06T04:40:24.010410
6_100_tips,132.0,0.6804123711340206,1.079997473680001,0.2320675761826158,100,,Phyloformer,13.142516613006592,0.0,50,Cherry,0.5,1.0,100,50,2026-10-06T04:40:24.010410
15_100_tips,94.0,0.4845360824742268,1.58733104745,0.2295232542387723,100,,Phyloformer,13.142516613006592,0.0,50,Cherry,0.5,1.0,100,50,2026-10-06T04:40:24.010410
13_100_tips,68.0,0.3505154639175257,1.412275571,0.2242696360313853,100,,Phyloformer,21.75150465965271,0.0,100,Cherry,0.5,1.0,100,100,2026-10-06T04:41:13.423822
14_100_tips,64.0,0.3298969072164948,1.4020148410999995,0.2137002576413442,100,,Phyloformer,21.75150465965271,0.0,100,Cherry,0.5,1.0,100,100,2026-10-06T04:41:13.423822
16_100_tips,108.0,0.5567010309278351,1.4454531669999997,0.3210738917401621,100,,Phyloformer,21.75150465965271,0.0,100,Cherry,0.5,1.0,100,100,2026-10-06T04:41:13.423822
0_100_tips,106.0,0.5463917525773195,1.2040249001950003,0.2046860288386692,100,,Phyloformer,21.75150465965271,0.0,100,Cherry,0.5,1.0,100,100,2026-10-06T04:41:13.423822
7_100_tips,72.0,0.3711340206185567,1.301081812599999,0.2276098435895178,100,,Phyloformer,21.75150465965271,0.0,100,Cherry,0.5,1.0,100,100,2026-10-06T04:41:13.423822
4_100_tips,100.0,0.5154639175257731,1.0793561844,0.2385008661071725,100,,Phyloformer,21.75150465965271,0.0,100,Cherry,0.5,1.0,100,100,2026-10-06T04:41:13.423822
3_100_tips,120.0,0.6185567010309279,1.2015303301999996,0.2113426428255764,100,,Phyloformer,21.75150465965271,0.0,100,Cherry,0.5,1.0,100,100,2026-10-06T04:41:13.423822
1_100_tips,88.0,0.4536082474226804,1.1976534795000018,0.2136226143303217,100,,Phyloformer,21.75150465965271,0.0,100,Cherry,0.5,1.0,100,100,2026-10-06T04:41:13.423822
10_100_tips,144.0,0.7422680412371134,1.0252673005000006,0.1364905772936291,100,,Phyloformer,21.75150465965271,0.0,100,Cherry,0.5,1.0,100,100,2026-10-06T04:41:13.423822
8_100_tips,90.0,0.4639175257731959,1.3789204319999997,0.2390572576585407,100,,Phyloformer,21.75150465965271,0.0,100,Cherry,0.5,1.0,100,100,2026-10-06T04:41:13.423822
17_100_tips,98.0,0.5051546391752577,0.8882945280900003,0.1805946121031134,100,,Phyloformer,21.75150465965271,0.0,100,Cherry,0.5,1.0,100,100,2026-10-06T04:41:13.423822
12_100_tips,62.0,0.3195876288659793,1.784766681,0.260580303645874,100,,Phyloformer,21.75150465965271,0.0,100,Cherry,0.5,1.0,100,100,2026-10-06T04:41:13.423822
2_100_tips,90.0,0.4639175257731959,1.1750041245000005,0.1911530265015436,100,,Phyloformer,21.75150465965271,0.0,100,Cherry,0.5,1.0,100,100,2026-10-06T04:41:13.423822
5_100_tips,76.0,0.3917525773195876,1.5758005700000002,0.2692896854289788,100,,Phyloformer,21.75150465965271,0.0,100,Cherry,0.5,1.0,100,100,2026-10-06T04:41:13.423822
11_100_tips,56.0,0.2886597938144329,1.8533334903,0.3320338287593612,100,,Phyloformer,21.75150465965271,0.0,100,Cherry,0.5,1.0,100,100,2026-10-06T04:41:13.423822
18_100_tips,68.0,0.3505154639175257,1.8779500090000016,0.2902985451809827,100,,Phyloformer,21.75150465965271,0.0,100,Cherry,0.5,1.0,100,100,2026-10-06T04:41:13.423822
9_100_tips,114.0,0.5876288659793815,1.0622526342999996,0.1849918900270803,100,,Phyloformer,21.75150465965271,0.0,100,Cherry,0.5,1.0,100,100,2026-10-06T04:41:13.423822
6_100_tips,122.0,0.6288659793814433,0.94212445368,0.1838675330973443,100,,Phyloformer,21.75150465965271,0.0,100,Cherry,0.5,1.0,100,100,2026-10-06T04:41:13.423822
19_100_tips,102.0,0.5257731958762887,1.3390177904999991,0.2326721003530295,100,,Phyloformer,21.75150465965271,0.0,100,Cherry,0.5,1.0,100,100,2026-10-06T04:41:13.423822
15_100_tips,96.0,0.4948453608247423,1.5173981674500008,0.2203678596049898,100,,Phyloformer,21.75150465965271,0.0,100,Cherry,0.5,1.0,100,100,2026-10-06T04:41:13.423822
13_100_tips,74.0,0.3814432989690721,1.4567139969999998,0.2540265268636166,100,,Phyloformer,37.456939458847046,0.0,200,Cherry,0.5,1.0,100,200,2026-10-06T04:42:36.884154
14_100_tips,48.0,0.2474226804123711,1.299845706900001,0.2369524896997371,100,,Phyloformer,37.456939458847046,0.0,200,Cherry,0.5,1.0,100,200,2026-10-06T04:42:36.884154
0_100_tips,96.0,0.4948453608247423,1.1945936501949992,0.203338440329869,100,,Phyloformer,37.456939458847046,0.0,200,Cherry,0.5,1.0,100,200,2026-10-06T04:42:36.884154
16_100_tips,66.0,0.3402061855670103,1.1791939169999996,0.2674150958431942,100,,Phyloformer,37.456939458847046,0.0,200,Cherry,0.5,1.0,100,200,2026-10-06T04:42:36.884154
4_100_tips,74.0,0.3814432989690721,1.0462616443999992,0.2012388317680671,100,,Phyloformer,37.456939458847046,0.0,200,Cherry,0.5,1.0,100,200,2026-10-06T04:42:36.884154
7_100_tips,62.0,0.3195876288659793,1.0511686213999996,0.1883928871437813,100,,Phyloformer,37.456939458847046,0.0,200,Cherry,0.5,1.0,100,200,2026-10-06T04:42:36.884154
1_100_tips,72.0,0.3711340206185567,1.1111529035000005,0.2033667343728908,100,,Phyloformer,37.456939458847046,0.0,200,Cherry,0.5,1.0,100,200,2026-10-06T04:42:36.884154
3_100_tips,96.0,0.4948453608247423,1.0947317101999998,0.1865325729941936,100,,Phyloformer,37.456939458847046,0.0,200,Cherry,0.5,1.0,100,200,2026-10-06T04:42:36.884154
8_100_tips,68.0,0.3505154639175257,1.0775464720000008,0.1838575852330342,100,,Phyloformer,37.456939458847046,0.0,200,Cherry,0.5,1.0,100,200,2026-10-06T04:42:36.884154
10_100_tips,118.0,0.6082474226804123,0.9323791985,0.1284375929752113,100,,Phyloformer,37.456939458847046,0.0,200,Cherry,0.5,1.0,100,200,2026-10-06T04:42:36.884154
12_100_tips,58.0,0.2989690721649484,1.6339019609999996,0.2370164534768452,100,,Phyloformer,37.456939458847046,0.0,200,Cherry,0.5,1.0,100,200,2026-10-06T04:42:36.884154
17_100_tips,112.0,0.5773195876288659,0.7562597450899998,0.1843769572295584,100,,Phyloformer,37.456939458847046,0.0,200,Cherry,0.5,1.0,100,200,2026-10-06T04:42:36.884154
5_100_tips,52.0,0.268041237113402,1.3927654500000002,0.2485184031972561,100,,Phyloformer,37.456939458847046,0.0,200,Cherry,0.5,1.0,100,200,2026-10-06T04:42:36.884154
2_100_tips,68.0,0.3505154639175257,0.9459565594999996,0.1664836933197979,100,,Phyloformer,37.456939458847046,0.0,200,Cherry,0.5,1.0,100,200,2026-10-06T04:42:36.884154
18_100_tips,56.0,0.2886597938144329,1.905814699,0.3098941739839434,100,,Phyloformer,37.456939458847046,0.0,200,Cherry,0.5,1.0,100,200,2026-10-06T04:42:36.884154
11_100_tips,44.0,0.2268041237113402,1.5481958373000002,0.2698096304281204,100,,Phyloformer,37.456939458847046,0.0,200,Cherry,0.5,1.0,100,200,2026-10-06T04:42:36.884154
9_100_tips,88.0,0.4536082474226804,0.8424641723000006,0.1642515503182091,100,,Phyloformer,37.456939458847046,0.0,200,Cherry,0.5,1.0,100,200,2026-10-06T04:42:36.884154
6_100_tips,106.0,0.5463917525773195,0.81227251468,0.1857772096519943,100,,Phyloformer,37.456939458847046,0.0,200,Cherry,0.5,1.0,100,200,2026-10-06T04:42:36.884154
19_100_tips,78.0,0.4020618556701031,1.0700092905,0.1703218935576137,100,,Phyloformer,37.456939458847046,0.0,200,Cherry,0.5,1.0,100,200,2026-10-06T04:42:36.884154
15_100_tips,54.0,0.2783505154639175,1.0916902974500005,0.1921142750359438,100,,Phyloformer,37.456939458847046,0.0,200,Cherry,0.5,1.0,100,200,2026-10-06T04:42:36.884154
