id,rf,norm_rf,weighted_rf,kf_score,n_tips,marker,method,runtime_seconds,gpu_memory_mb,tree_size,seq_length,clock_rate,model,saved_at
16_50_tips,52.0,0.5531914893617021,0.6090376699999999,0.1195288008933326,50,,Phyloformer,5.598488092422485,0.0,50,50,0.25,Cherry,2026-10-04T07:51:37.955478
1_50_tips,46.0,0.4893617021276595,0.659308787,0.1286771864661233,50,,Phyloformer,5.598488092422485,0.0,50,50,0.25,Cherry,2026-10-04T07:51:37.955478
0_50_tips,62.0,0.6595744680851063,0.8665610169999998,0.1745430163637853,50,,Phyloformer,5.598488092422485,0.0,50,50,0.25,Cherry,2026-10-04T07:51:37.955478
19_50_tips,64.0,0.6808510638297872,0.5510403229999995,0.1333186124567096,50,,Phyloformer,5.598488092422485,0.0,50,50,0.25,Cherry,2026-10-04T07:51:37.955478
13_50_tips,70.0,0.7446808510638298,0.5604094870000002,0.108067619294819,50,,Phyloformer,5.598488092422485,0.0,50,50,0.25,Cherry,2026-10-04T07:51:37.955478
7_50_tips,52.0,0.5531914893617021,0.7704352900000002,0.1538222361296002,50,,Phyloformer,5.598488092422485,0.0,50,50,0.25,Cherry,2026-10-04T07:51:37.955478
12_50_tips,48.0,0.5106382978723404,0.9403851389,0.1802341961141281,50,,Phyloformer,5.598488092422485,0.0,50,50,0.25,Cherry,2026-10-04T07:51:37.955478
18_50_tips,70.0,0.7446808510638298,0.8792755763000009,0.1729508540203443,50,,Phyloformer,5.598488092422485,0.0,50,50,0.25,Cherry,2026-10-04T07:51:37.955478
2_50_tips,58.0,0.6170212765957447,0.7689256059999996,0.155111244310222,50,,Phyloformer,5.598488092422485,0.0,50,50,0.25,Cherry,2026-10-04T07:51:37.955478
6_50_tips,52.0,0.5531914893617021,0.7474174489999998,0.1505810758859543,50,,Phyloformer,5.598488092422485,0.0,50,50,0.25,Cherry,2026-10-04T07:51:37.955478
5_50_tips,56.0,0.5957446808510638,0.7924367689999999,0.1667344373301626,50,,Phyloformer,5.598488092422485,0.0,50,50,0.25,Cherry,2026-10-04T07:51:37.955478
9_50_tips,60.0,0.6382978723404256,0.6492669830000003,0.115917181848212,50,,Phyloformer,5.598488092422485,0.0,50,50,0.25,Cherry,2026-10-04T07:51:37.955478
10_50_tips,56.0,0.5957446808510638,0.789971497,0.1572745703096268,50,,Phyloformer,5.598488092422485,0.0,50,50,0.25,Cherry,2026-10-04T07:51:37.955478
15_50_tips,56.0,0.5957446808510638,0.6076260209999996,0.1280940664698604,50,,Phyloformer,5.598488092422485,0.0,50,50,0.25,Cherry,2026-10-04T07:51:37.955478
17_50_tips,34.0,0.3617021276595745,0.8051566150000006,0.1593399031057164,50,,Phyloformer,5.598488092422485,0.0,50,50,0.25,Cherry,2026-10-04T07:51:37.955478
8_50_tips,56.0,0.5957446808510638,0.6712642930000001,0.1322652390821363,50,,Phyloformer,5.598488092422485,0.0,50,50,0.25,Cherry,2026-10-04T07:51:37.955478
14_50_tips,56.0,0.5957446808510638,0.5764854940799999,0.1162355641185593,50,,Phyloformer,5.598488092422485,0.0,50,50,0.25,Cherry,2026-10-04T07:51:37.955478
4_50_tips,58.0,0.6170212765957447,0.7949394970000002,0.1587064666406455,50,,Phyloformer,5.598488092422485,0.0,50,50,0.25,Cherry,2026-10-04T07:51:37.955478
11_50_tips,68.0,0.723404255319149,0.5497338490000003,0.1591028444170885,50,,Phyloformer,5.598488092422485,0.0,50,50,0.25,Cherry,2026-10-04T07:51:37.955478
3_50_tips,50.0,0.5319148936170213,0.730376775,0.1452095676391955,50,,Phyloformer,5.598488092422485,0.0,50,50,0.25,Cherry,2026-10-04T07:51:37.955478
1_50_tips,52.0,0.5531914893617021,0.6544662176000005,0.1320529592888422,50,,IQ-TREE,184.96432971954346,,50,50,0.25,Cherry,2026-10-04T07:51:37.955478
16_50_tips,62.0,0.6595744680851063,0.6048174341000007,0.1236577409716584,50,,IQ-TREE,184.96432971954346,,50,50,0.25,Cherry,2026-10-04T07:51:37.955478
0_50_tips,62.0,0.6595744680851063,0.8659973930000007,0.1787026558052974,50,,IQ-TREE,184.96432971954346,,50,50,0.25,Cherry,2026-10-04T07:51:37.955478
19_50_tips,68.0,0.723404255319149,0.5292126350000004,0.1346403832142607,50,,IQ-TREE,184.96432971954346,,50,50,0.25,Cherry,2026-10-04T07:51:37.955478
13_50_tips,72.0,0.7659574468085106,0.4752352485999992,0.096825872229771,50,,IQ-TREE,184.96432971954346,,50,50,0.25,Cherry,2026-10-04T07:51:37.955478
7_50_tips,56.0,0.5957446808510638,0.7379374369000004,0.1470228259211377,50,,IQ-TREE,184.96432971954346,,50,50,0.25,Cherry,2026-10-04T07:51:37.955478
12_50_tips,52.0,0.5531914893617021,0.8994210763000001,0.1792317610968549,50,,IQ-TREE,184.96432971954346,,50,50,0.25,Cherry,2026-10-04T07:51:37.955478
18_50_tips,76.0,0.8085106382978723,0.8743085534000002,0.174447197469088,50,,IQ-TREE,184.96432971954346,,50,50,0.25,Cherry,2026-10-04T07:51:37.955478
6_50_tips,54.0,0.574468085106383,0.6915045110000004,0.1486864914194012,50,,IQ-TREE,184.96432971954346,,50,50,0.25,Cherry,2026-10-04T07:51:37.955478
2_50_tips,62.0,0.6595744680851063,0.7488542893000004,0.1529766167590747,50,,IQ-TREE,184.96432971954346,,50,50,0.25,Cherry,2026-10-04T07:51:37.955478
9_50_tips,66.0,0.7021276595744681,0.5992725146000003,0.1229781977762955,50,,IQ-TREE,184.96432971954346,,50,50,0.25,Cherry,2026-10-04T07:51:37.955478
5_50_tips,58.0,0.6170212765957447,0.7779693840000005,0.1738843794404853,50,,IQ-TREE,184.96432971954346,,50,50,0.25,Cherry,2026-10-04T07:51:37.955478
15_50_tips,74.0,0.7872340425531915,0.6182967223000007,0.1370402896055012,50,,IQ-TREE,184.96432971954346,,50,50,0.25,Cherry,2026-10-04T07:51:37.955478
10_50_tips,58.0,0.6170212765957447,0.7201433522000006,0.1536439886288022,50,,IQ-TREE,184.96432971954346,,50,50,0.25,Cherry,2026-10-04T07:51:37.955478
8_50_tips,58.0,0.6170212765957447,0.6314464889000005,0.1261618552850088,50,,IQ-TREE,184.96432971954346,,50,50,0.25,Cherry,2026-10-04T07:51:37.955478
17_50_tips,38.0,0.4042553191489361,0.7173768090000006,0.1602780340256453,50,,IQ-TREE,184.96432971954346,,50,50,0.25,Cherry,2026-10-04T07:51:37.955478
4_50_tips,54.0,0.574468085106383,0.7795406772000005,0.15871395938975,50,,IQ-TREE,184.96432971954346,,50,50,0.25,Cherry,2026-10-04T07:51:37.955478
14_50_tips,70.0,0.7446808510638298,0.5774249251800007,0.1219862147804991,50,,IQ-TREE,184.96432971954346,,50,50,0.25,Cherry,2026-10-04T07:51:37.955478
3_50_tips,56.0,0.5957446808510638,0.6926528571000008,0.143037444891963,50,,IQ-TREE,184.96432971954346,,50,50,0.25,Cherry,2026-10-04T07:51:37.955478
11_50_tips,66.0,0.7021276595744681,0.5052030019000004,0.1497574467626417,50,,IQ-TREE,184.96432971954346,,50,50,0.25,Cherry,2026-10-04T07:51:37.955478
16_50_tips,79.0,1.0,1.2428569499999995,0.2313072624674935,50,,FastME,0.08973383903503418,,50,50,0.25,Cherry,2026-10-04T07:51:37.955478
1_50_tips,83.0,1.0,2.0520957130000004,0.3940569062118515,50,,FastME,0.08973383903503418,,50,50,0.25,Cherry,2026-10-04T07:51:37.955478
19_50_tips,75.0,1.0,1.1485792629999996,0.2319151861519993,50,,FastME,0.08973383903503418,,50,50,0.25,Cherry,2026-10-04T07:51:37.955478
0_50_tips,80.0,1.0,1.5615593629999995,0.2722470169179246,50,,FastME,0.08973383903503418,,50,50,0.25,Cherry,2026-10-04T07:51:37.955478
13_50_tips,75.0,1.0,0.943208847,0.1631399518140475,50,,FastME,0.08973383903503418,,50,50,0.25,Cherry,2026-10-04T07:51:37.955478
7_50_tips,79.0,1.0,1.5805100199999993,0.2622868704248484,50,,FastME,0.08973383903503418,,50,50,0.25,Cherry,2026-10-04T07:51:37.955478
18_50_tips,73.0,1.0,1.1760844862999995,0.2034117506567626,50,,FastME,0.08973383903503418,,50,50,0.25,Cherry,2026-10-04T07:51:37.955478
12_50_tips,85.0,1.0,1.9400258189000008,0.3076129592904099,50,,FastME,0.08973383903503418,,50,50,0.25,Cherry,2026-10-04T07:51:37.955478
2_50_tips,76.0,1.0,1.6574847760000002,0.2737725963915597,50,,FastME,0.08973383903503418,,50,50,0.25,Cherry,2026-10-04T07:51:37.955478
6_50_tips,80.0,1.0,1.6447803689999996,0.2826090048307926,50,,FastME,0.08973383903503418,,50,50,0.25,Cherry,2026-10-04T07:51:37.955478
9_50_tips,81.0,1.0,1.4885983230000002,0.2662491437356571,50,,FastME,0.08973383903503418,,50,50,0.25,Cherry,2026-10-04T07:51:37.955478
5_50_tips,82.0,1.0,1.533801129,0.2563262219738635,50,,FastME,0.08973383903503418,,50,50,0.25,Cherry,2026-10-04T07:51:37.955478
15_50_tips,73.0,1.0,1.0310835609999998,0.192216447505645,50,,FastME,0.08973383903503418,,50,50,0.25,Cherry,2026-10-04T07:51:37.955478
10_50_tips,89.0,1.0,1.3924963769999992,0.2178464785080708,50,,FastME,0.08973383903503418,,50,50,0.25,Cherry,2026-10-04T07:51:37.955478
8_50_tips,83.0,1.0,1.4208029230000006,0.2484115347206562,50,,FastME,0.08973383903503418,,50,50,0.25,Cherry,2026-10-04T07:51:37.955478
17_50_tips,88.0,1.0,1.8681047749999988,0.2866603443785249,50,,FastME,0.08973383903503418,,50,50,0.25,Cherry,2026-10-04T07:51:37.955478
4_50_tips,78.0,1.0,1.5723603070000003,0.2677535287468202,50,,FastME,0.08973383903503418,,50,50,0.25,Cherry,2026-10-04T07:51:37.955478
14_50_tips,76.0,1.0,1.0202471640800002,0.1830166774311308,50,,FastME,0.08973383903503418,,50,50,0.25,Cherry,2026-10-04T07:51:37.955478
3_50_tips,77.0,1.0,1.7060964050000005,0.307874807642184,50,,FastME,0.08973383903503418,,50,50,0.25,Cherry,2026-10-04T07:51:37.955478
11_50_tips,73.0,1.0,1.2353752189999996,0.3510981636672965,50,,FastME,0.08973383903503418,,50,50,0.25,Cherry,2026-10-04T07:51:37.955478
