id,rf,norm_rf,weighted_rf,kf_score,n_tips,marker,method,runtime_seconds,gpu_memory_mb,model,clock_rate,seq_length,saved_at
13_50_tips,28.0,0.2978723404255319,0.6291864199999999,0.1421609375098807,50,,Phyloformer,12.629311561584473,0.0,Cherry,0.25,250,2026-09-16T07:36:57.858435
0_50_tips,16.0,0.1702127659574468,0.85558156,0.2177897905046387,50,,Phyloformer,12.629311561584473,0.0,Cherry,0.25,250,2026-09-16T07:36:57.858435
7_50_tips,60.0,0.6382978723404256,0.25626661848,0.0525274979305884,50,,Phyloformer,12.629311561584473,0.0,Cherry,0.25,250,2026-09-16T07:36:57.858435
3_50_tips,14.0,0.1489361702127659,1.7354712499999994,0.3296618563958943,50,,Phyloformer,12.629311561584473,0.0,Cherry,0.25,250,2026-09-16T07:36:57.858435
17_50_tips,16.0,0.1702127659574468,0.8135313920000001,0.1977782229888654,50,,Phyloformer,12.629311561584473,0.0,Cherry,0.25,250,2026-09-16T07:36:57.858435
12_50_tips,14.0,0.1489361702127659,2.982773708000001,0.7659338855934675,50,,Phyloformer,12.629311561584473,0.0,Cherry,0.25,250,2026-09-16T07:36:57.858435
19_50_tips,26.0,0.2765957446808511,1.0228100230000003,0.2507552645333957,50,,Phyloformer,12.629311561584473,0.0,Cherry,0.25,250,2026-09-16T07:36:57.858435
9_50_tips,18.0,0.1914893617021276,0.6711828479999999,0.1480392453165386,50,,Phyloformer,12.629311561584473,0.0,Cherry,0.25,250,2026-09-16T07:36:57.858435
10_50_tips,16.0,0.1702127659574468,1.298154817,0.2865720981144497,50,,Phyloformer,12.629311561584473,0.0,Cherry,0.25,250,2026-09-16T07:36:57.858435
18_50_tips,94.0,1.0,0.02433752135,0.0051646913863443,50,,Phyloformer,12.629311561584473,0.0,Cherry,0.25,250,2026-09-16T07:36:57.858435
15_50_tips,10.0,0.1063829787234042,2.15396937,0.4533410911686682,50,,Phyloformer,12.629311561584473,0.0,Cherry,0.25,250,2026-09-16T07:36:57.858435
11_50_tips,20.0,0.2127659574468085,0.611671941,0.1418779864582234,50,,Phyloformer,12.629311561584473,0.0,Cherry,0.25,250,2026-09-16T07:36:57.858435
14_50_tips,92.0,0.9787234042553192,0.04688597783,0.0083989033729032,50,,Phyloformer,12.629311561584473,0.0,Cherry,0.25,250,2026-09-16T07:36:57.858435
2_50_tips,22.0,0.2340425531914893,0.5344694859999999,0.1320231127631959,50,,Phyloformer,12.629311561584473,0.0,Cherry,0.25,250,2026-09-16T07:36:57.858435
6_50_tips,20.0,0.2127659574468085,1.4596990960000007,0.3892542155868777,50,,Phyloformer,12.629311561584473,0.0,Cherry,0.25,250,2026-09-16T07:36:57.858435
5_50_tips,54.0,0.574468085106383,0.4369163483000001,0.1400227792286819,50,,Phyloformer,12.629311561584473,0.0,Cherry,0.25,250,2026-09-16T07:36:57.858435
16_50_tips,94.0,1.0,0.0375352601799999,0.0063578688844776,50,,Phyloformer,12.629311561584473,0.0,Cherry,0.25,250,2026-09-16T07:36:57.858435
1_50_tips,18.0,0.1914893617021276,0.5663255769999999,0.1308966707445639,50,,Phyloformer,12.629311561584473,0.0,Cherry,0.25,250,2026-09-16T07:36:57.858435
4_50_tips,74.0,0.7872340425531915,0.0819875775,0.0197905469080982,50,,Phyloformer,12.629311561584473,0.0,Cherry,0.25,250,2026-09-16T07:36:57.858435
8_50_tips,22.0,0.2340425531914893,2.542552537,0.6256931416165706,50,,Phyloformer,12.629311561584473,0.0,Cherry,0.25,250,2026-09-16T07:36:57.858435
13_50_tips,22.0,0.2340425531914893,0.5491598180000002,0.1283584298025623,50,,IQ-TREE,423.46751403808594,,Cherry,0.25,250,2026-09-16T07:36:57.858435
0_50_tips,18.0,0.1914893617021276,0.7802464734000002,0.1990629509300463,50,,IQ-TREE,423.46751403808594,,Cherry,0.25,250,2026-09-16T07:36:57.858435
7_50_tips,56.0,0.5957446808510638,0.2260317419799999,0.0498818895607436,50,,IQ-TREE,423.46751403808594,,Cherry,0.25,250,2026-09-16T07:36:57.858435
3_50_tips,6.0,0.0638297872340425,1.5577059736,0.30228627458311,50,,IQ-TREE,423.46751403808594,,Cherry,0.25,250,2026-09-16T07:36:57.858435
12_50_tips,10.0,0.1063829787234042,2.5588080579000017,0.6604222545176406,50,,IQ-TREE,423.46751403808594,,Cherry,0.25,250,2026-09-16T07:36:57.858435
17_50_tips,16.0,0.1702127659574468,0.7837109817000003,0.1899070417528274,50,,IQ-TREE,423.46751403808594,,Cherry,0.25,250,2026-09-16T07:36:57.858435
19_50_tips,34.0,0.3617021276595745,0.9035431424000006,0.2263940152007802,50,,IQ-TREE,423.46751403808594,,Cherry,0.25,250,2026-09-16T07:36:57.858435
9_50_tips,20.0,0.2127659574468085,0.5898546192000003,0.1281857993425853,50,,IQ-TREE,423.46751403808594,,Cherry,0.25,250,2026-09-16T07:36:57.858435
10_50_tips,16.0,0.1702127659574468,1.1877186990999993,0.270153719572722,50,,IQ-TREE,423.46751403808594,,Cherry,0.25,250,2026-09-16T07:36:57.858435
15_50_tips,4.0,0.0425531914893617,1.9615695886,0.4147891451554052,50,,IQ-TREE,423.46751403808594,,Cherry,0.25,250,2026-09-16T07:36:57.858435
18_50_tips,94.0,1.0,0.02434152135,0.0051646917735891,50,,IQ-TREE,423.46751403808594,,Cherry,0.25,250,2026-09-16T07:36:57.858435
11_50_tips,24.0,0.2553191489361702,0.5528713587000004,0.1274578039608538,50,,IQ-TREE,423.46751403808594,,Cherry,0.25,250,2026-09-16T07:36:57.858435
14_50_tips,90.0,0.9574468085106383,0.02864115773,0.0071145198240844,50,,IQ-TREE,423.46751403808594,,Cherry,0.25,250,2026-09-16T07:36:57.858435
2_50_tips,24.0,0.2553191489361702,0.4875838748999997,0.1204189147895962,50,,IQ-TREE,423.46751403808594,,Cherry,0.25,250,2026-09-16T07:36:57.858435
6_50_tips,18.0,0.1914893617021276,1.3280855760999997,0.336881216335989,50,,IQ-TREE,423.46751403808594,,Cherry,0.25,250,2026-09-16T07:36:57.858435
5_50_tips,42.0,0.4468085106382978,0.3587135934999994,0.1152585667411412,50,,IQ-TREE,423.46751403808594,,Cherry,0.25,250,2026-09-16T07:36:57.858435
1_50_tips,14.0,0.1489361702127659,0.5070244485000003,0.1235183841057907,50,,IQ-TREE,423.46751403808594,,Cherry,0.25,250,2026-09-16T07:36:57.858435
16_50_tips,94.0,1.0,0.01621267018,0.0043563894568678,50,,IQ-TREE,423.46751403808594,,Cherry,0.25,250,2026-09-16T07:36:57.858435
8_50_tips,16.0,0.1702127659574468,2.1649342126,0.5277828187348103,50,,IQ-TREE,423.46751403808594,,Cherry,0.25,250,2026-09-16T07:36:57.858435
4_50_tips,76.0,0.8085106382978723,0.0772402084,0.019511766622979,50,,IQ-TREE,423.46751403808594,,Cherry,0.25,250,2026-09-16T07:36:57.858435
13_50_tips,91.0,1.0,1.891097226,0.3334583543409136,50,,FastME,0.0991652011871337,,Cherry,0.25,250,2026-09-16T07:36:57.858435
0_50_tips,91.0,1.0,2.765316360000001,0.4674458221673375,50,,FastME,0.0991652011871337,,Cherry,0.25,250,2026-09-16T07:36:57.858435
7_50_tips,88.0,1.0,0.58630847848,0.1080635260672349,50,,FastME,0.0991652011871337,,Cherry,0.25,250,2026-09-16T07:36:57.858435
3_50_tips,93.0,1.0,4.879101470000002,0.7001388701840161,50,,FastME,0.0991652011871337,,Cherry,0.25,250,2026-09-16T07:36:57.858435
17_50_tips,92.0,1.0,2.259659632,0.3816653160496507,50,,FastME,0.0991652011871337,,Cherry,0.25,250,2026-09-16T07:36:57.858435
12_50_tips,16.0,0.1702127659574468,2.6147344420000005,0.6647779013874414,50,,FastME,0.0991652011871337,,Cherry,0.25,250,2026-09-16T07:36:57.858435
19_50_tips,90.0,1.0,2.937341293,0.544036591739427,50,,FastME,0.0991652011871337,,Cherry,0.25,250,2026-09-16T07:36:57.858435
9_50_tips,91.0,1.0,1.803736668,0.3227621516015856,50,,FastME,0.0991652011871337,,Cherry,0.25,250,2026-09-16T07:36:57.858435
18_50_tips,50.0,1.0,0.02440868135,0.005164899026891,50,,FastME,0.0991652011871337,,Cherry,0.25,250,2026-09-16T07:36:57.858435
10_50_tips,92.0,1.0,3.829685107,0.5904367990901951,50,,FastME,0.0991652011871337,,Cherry,0.25,250,2026-09-16T07:36:57.858435
11_50_tips,91.0,1.0,1.5960677910000003,0.2899292951314063,50,,FastME,0.0991652011871337,,Cherry,0.25,250,2026-09-16T07:36:57.858435
15_50_tips,12.0,0.1276595744680851,1.97563883,0.4092389642011578,50,,FastME,0.0991652011871337,,Cherry,0.25,250,2026-09-16T07:36:57.858435
2_50_tips,91.0,1.0,1.6337067440000002,0.3011946441459696,50,,FastME,0.0991652011871337,,Cherry,0.25,250,2026-09-16T07:36:57.858435
14_50_tips,55.0,1.0,0.04852777783,0.0143412631844327,50,,FastME,0.0991652011871337,,Cherry,0.25,250,2026-09-16T07:36:57.858435
5_50_tips,85.0,1.0,1.0731383683000002,0.3154042205723607,50,,FastME,0.0991652011871337,,Cherry,0.25,250,2026-09-16T07:36:57.858435
6_50_tips,91.0,1.0,3.760983016,0.7470867204071742,50,,FastME,0.0991652011871337,,Cherry,0.25,250,2026-09-16T07:36:57.858435
1_50_tips,93.0,1.0,1.894315493,0.3158673604214901,50,,FastME,0.0991652011871337,,Cherry,0.25,250,2026-09-16T07:36:57.858435
16_50_tips,55.0,1.0,0.01622774018,0.0043564041383242,50,,FastME,0.0991652011871337,,Cherry,0.25,250,2026-09-16T07:36:57.858435
4_50_tips,79.0,1.0,0.1369872729,0.0313097504766069,50,,FastME,0.0991652011871337,,Cherry,0.25,250,2026-09-16T07:36:57.858435
8_50_tips,22.0,0.2340425531914893,2.219638407,0.5269858234037901,50,,FastME,0.0991652011871337,,Cherry,0.25,250,2026-09-16T07:36:57.858435
0_50_tips,10.0,0.1063829787234042,1.91599538,0.4624924228745026,50,,Phyloformer,12.734207391738892,0.0,Cherry,0.5,250,2026-09-16T07:45:23.163944
13_50_tips,34.0,0.3617021276595745,0.6159863488999999,0.1203965705409152,50,,Phyloformer,12.734207391738892,0.0,Cherry,0.5,250,2026-09-16T07:45:23.163944
7_50_tips,4.0,0.0425531914893617,4.306391909999999,0.9543562540105708,50,,Phyloformer,12.734207391738892,0.0,Cherry,0.5,250,2026-09-16T07:45:23.163944
3_50_tips,20.0,0.2127659574468085,0.5140174580000001,0.1354944860834289,50,,Phyloformer,12.734207391738892,0.0,Cherry,0.5,250,2026-09-16T07:45:23.163944
17_50_tips,8.0,0.0851063829787234,4.141484590999999,0.8094227599263959,50,,Phyloformer,12.734207391738892,0.0,Cherry,0.5,250,2026-09-16T07:45:23.163944
12_50_tips,8.0,0.0851063829787234,1.6411939700000004,0.3721287334216479,50,,Phyloformer,12.734207391738892,0.0,Cherry,0.5,250,2026-09-16T07:45:23.163944
19_50_tips,34.0,0.3617021276595745,0.3958063153,0.1116520512531972,50,,Phyloformer,12.734207391738892,0.0,Cherry,0.5,250,2026-09-16T07:45:23.163944
9_50_tips,52.0,0.5531914893617021,0.2922047589999999,0.0686791165962284,50,,Phyloformer,12.734207391738892,0.0,Cherry,0.5,250,2026-09-16T07:45:23.163944
18_50_tips,30.0,0.3191489361702128,0.5215427189999998,0.1085057270427221,50,,Phyloformer,12.734207391738892,0.0,Cherry,0.5,250,2026-09-16T07:45:23.163944
10_50_tips,24.0,0.2553191489361702,1.5331652527,0.3891517774796,50,,Phyloformer,12.734207391738892,0.0,Cherry,0.5,250,2026-09-16T07:45:23.163944
11_50_tips,24.0,0.2553191489361702,1.7563483999999994,0.4373789535189213,50,,Phyloformer,12.734207391738892,0.0,Cherry,0.5,250,2026-09-16T07:45:23.163944
15_50_tips,14.0,0.1489361702127659,1.6710925299999997,0.3829864499511264,50,,Phyloformer,12.734207391738892,0.0,Cherry,0.5,250,2026-09-16T07:45:23.163944
2_50_tips,16.0,0.1702127659574468,1.262384706,0.4143372249882227,50,,Phyloformer,12.734207391738892,0.0,Cherry,0.5,250,2026-09-16T07:45:23.163944
14_50_tips,30.0,0.3191489361702128,0.5434285335500001,0.11848169928352,50,,Phyloformer,12.734207391738892,0.0,Cherry,0.5,250,2026-09-16T07:45:23.163944
5_50_tips,2.0,0.0212765957446808,2.0148866050000005,0.5377981136340118,50,,Phyloformer,12.734207391738892,0.0,Cherry,0.5,250,2026-09-16T07:45:23.163944
6_50_tips,26.0,0.2765957446808511,0.4122114489999999,0.0947270575128017,50,,Phyloformer,12.734207391738892,0.0,Cherry,0.5,250,2026-09-16T07:45:23.163944
1_50_tips,36.0,0.3829787234042553,0.6887397059999999,0.1577844393189066,50,,Phyloformer,12.734207391738892,0.0,Cherry,0.5,250,2026-09-16T07:45:23.163944
16_50_tips,10.0,0.1063829787234042,1.9058727240000004,0.443153524057182,50,,Phyloformer,12.734207391738892,0.0,Cherry,0.5,250,2026-09-16T07:45:23.163944
8_50_tips,44.0,0.4680851063829787,0.3935300519999999,0.0838682230848803,50,,Phyloformer,12.734207391738892,0.0,Cherry,0.5,250,2026-09-16T07:45:23.163944
4_50_tips,60.0,0.6382978723404256,0.154515302,0.0309350843664144,50,,Phyloformer,12.734207391738892,0.0,Cherry,0.5,250,2026-09-16T07:45:23.163944
13_50_tips,38.0,0.4042553191489361,0.5647321505000003,0.113071337149858,50,,IQ-TREE,489.1836318969727,,Cherry,0.5,250,2026-09-16T07:45:23.163944
0_50_tips,22.0,0.2340425531914893,1.7467619293999987,0.3993960819389005,50,,IQ-TREE,489.1836318969727,,Cherry,0.5,250,2026-09-16T07:45:23.163944
7_50_tips,2.0,0.0212765957446808,3.8107779547,0.8444202725417734,50,,IQ-TREE,489.1836318969727,,Cherry,0.5,250,2026-09-16T07:45:23.163944
3_50_tips,18.0,0.1914893617021276,0.5038100570000003,0.1220917622585082,50,,IQ-TREE,489.1836318969727,,Cherry,0.5,250,2026-09-16T07:45:23.163944
17_50_tips,8.0,0.0851063829787234,3.4533389351,0.6633171704224433,50,,IQ-TREE,489.1836318969727,,Cherry,0.5,250,2026-09-16T07:45:23.163944
12_50_tips,12.0,0.1276595744680851,1.5147219726999996,0.3394680156415935,50,,IQ-TREE,489.1836318969727,,Cherry,0.5,250,2026-09-16T07:45:23.163944
19_50_tips,28.0,0.2978723404255319,0.3640291988999997,0.0980568283389275,50,,IQ-TREE,489.1836318969727,,Cherry,0.5,250,2026-09-16T07:45:23.163944
9_50_tips,40.0,0.425531914893617,0.2771934037999995,0.0656691351845496,50,,IQ-TREE,489.1836318969727,,Cherry,0.5,250,2026-09-16T07:45:23.163944
18_50_tips,24.0,0.2553191489361702,0.4920682250999996,0.1106427883240938,50,,IQ-TREE,489.1836318969727,,Cherry,0.5,250,2026-09-16T07:45:23.163944
10_50_tips,20.0,0.2127659574468085,1.3792311171999991,0.3391339644773065,50,,IQ-TREE,489.1836318969727,,Cherry,0.5,250,2026-09-16T07:45:23.163944
11_50_tips,10.0,0.1063829787234042,1.5883124792999994,0.3854233501879728,50,,IQ-TREE,489.1836318969727,,Cherry,0.5,250,2026-09-16T07:45:23.163944
15_50_tips,10.0,0.1063829787234042,1.5167100024999995,0.3435150501110108,50,,IQ-TREE,489.1836318969727,,Cherry,0.5,250,2026-09-16T07:45:23.163944
2_50_tips,14.0,0.1489361702127659,1.1365338398999996,0.3872935150515911,50,,IQ-TREE,489.1836318969727,,Cherry,0.5,250,2026-09-16T07:45:23.163944
14_50_tips,28.0,0.2978723404255319,0.4948553488499996,0.1101724347789878,50,,IQ-TREE,489.1836318969727,,Cherry,0.5,250,2026-09-16T07:45:23.163944
5_50_tips,4.0,0.0425531914893617,1.8571081482,0.4987097751013886,50,,IQ-TREE,489.1836318969727,,Cherry,0.5,250,2026-09-16T07:45:23.163944
6_50_tips,36.0,0.3829787234042553,0.3838271576999995,0.0899996317471898,50,,IQ-TREE,489.1836318969727,,Cherry,0.5,250,2026-09-16T07:45:23.163944
1_50_tips,34.0,0.3617021276595745,0.6205184014000004,0.1490704367470604,50,,IQ-TREE,489.1836318969727,,Cherry,0.5,250,2026-09-16T07:45:23.163944
16_50_tips,6.0,0.0638297872340425,1.7139566009999998,0.3960586034249168,50,,IQ-TREE,489.1836318969727,,Cherry,0.5,250,2026-09-16T07:45:23.163944
8_50_tips,46.0,0.4893617021276595,0.3299245383999996,0.0709286390146003,50,,IQ-TREE,489.1836318969727,,Cherry,0.5,250,2026-09-16T07:45:23.163944
4_50_tips,62.0,0.6595744680851063,0.1348292253,0.0286023223785478,50,,IQ-TREE,489.1836318969727,,Cherry,0.5,250,2026-09-16T07:45:23.163944
0_50_tips,16.0,0.1702127659574468,1.7315207899999998,0.392272808962987,50,,FastME,0.1119115352630615,,Cherry,0.5,250,2026-09-16T07:45:23.163944
13_50_tips,92.0,1.0,1.4978457689000004,0.2467334866741516,50,,FastME,0.1119115352630615,,Cherry,0.5,250,2026-09-16T07:45:23.163944
7_50_tips,6.0,0.0638297872340425,3.70435572,0.8003832641475416,50,,FastME,0.1119115352630615,,Cherry,0.5,250,2026-09-16T07:45:23.163944
3_50_tips,20.0,0.2127659574468085,0.5308132980000001,0.1245344468626818,50,,FastME,0.1119115352630615,,Cherry,0.5,250,2026-09-16T07:45:23.163944
17_50_tips,10.0,0.1063829787234042,3.5243260210000003,0.6764045174234182,50,,FastME,0.1119115352630615,,Cherry,0.5,250,2026-09-16T07:45:23.163944
12_50_tips,16.0,0.1702127659574468,1.49274586,0.3240543114638134,50,,FastME,0.1119115352630615,,Cherry,0.5,250,2026-09-16T07:45:23.163944
19_50_tips,88.0,1.0,1.1892772653000006,0.2446645684625676,50,,FastME,0.1119115352630615,,Cherry,0.5,250,2026-09-16T07:45:23.163944
9_50_tips,89.0,1.0,0.643366445,0.1389576695927649,50,,FastME,0.1119115352630615,,Cherry,0.5,250,2026-09-16T07:45:23.163944
18_50_tips,93.0,1.0,1.2675699090000003,0.218008798674143,50,,FastME,0.1119115352630615,,Cherry,0.5,250,2026-09-16T07:45:23.163944
10_50_tips,22.0,0.2340425531914893,1.3295995767,0.3175818269210574,50,,FastME,0.1119115352630615,,Cherry,0.5,250,2026-09-16T07:45:23.163944
11_50_tips,93.0,1.0,5.417775279999998,1.0306542861105024,50,,FastME,0.1119115352630615,,Cherry,0.5,250,2026-09-16T07:45:23.163944
15_50_tips,93.0,1.0,4.873392470000001,0.8286169502042362,50,,FastME,0.1119115352630615,,Cherry,0.5,250,2026-09-16T07:45:23.163944
2_50_tips,93.0,1.0,3.651108425999999,0.8550704718287743,50,,FastME,0.1119115352630615,,Cherry,0.5,250,2026-09-16T07:45:23.163944
14_50_tips,91.0,1.0,1.2237185244500006,0.2203872950180287,50,,FastME,0.1119115352630615,,Cherry,0.5,250,2026-09-16T07:45:23.163944
5_50_tips,8.0,0.0851063829787234,1.817278775,0.4689914944794106,50,,FastME,0.1119115352630615,,Cherry,0.5,250,2026-09-16T07:45:23.163944
6_50_tips,93.0,1.0,1.0451982390000003,0.2014495174892935,50,,FastME,0.1119115352630615,,Cherry,0.5,250,2026-09-16T07:45:23.163944
1_50_tips,92.0,1.0,1.658977466,0.3191768474002103,50,,FastME,0.1119115352630615,,Cherry,0.5,250,2026-09-16T07:45:23.163944
16_50_tips,10.0,0.1063829787234042,1.716473904,0.3817422743480357,50,,FastME,0.1119115352630615,,Cherry,0.5,250,2026-09-16T07:45:23.163944
8_50_tips,84.0,1.0,1.1687041420000002,0.2039885000666043,50,,FastME,0.1119115352630615,,Cherry,0.5,250,2026-09-16T07:45:23.163944
4_50_tips,79.0,1.0,0.363976472,0.0623150806427484,50,,FastME,0.1119115352630615,,Cherry,0.5,250,2026-09-16T07:45:23.163944
0_50_tips,14.0,0.1489361702127659,1.7985202383000003,0.5590620310689679,50,,Phyloformer,12.426054239273071,0.0,Cherry,1.0,250,2026-09-16T07:54:50.979960
13_50_tips,18.0,0.1914893617021276,0.6582307219999998,0.1441166485938918,50,,Phyloformer,12.426054239273071,0.0,Cherry,1.0,250,2026-09-16T07:54:50.979960
3_50_tips,32.0,0.3404255319148936,0.2479015754400001,0.0438794767095638,50,,Phyloformer,12.426054239273071,0.0,Cherry,1.0,250,2026-09-16T07:54:50.979960
7_50_tips,54.0,0.574468085106383,0.2965665057999998,0.0679301425941531,50,,Phyloformer,12.426054239273071,0.0,Cherry,1.0,250,2026-09-16T07:54:50.979960
12_50_tips,8.0,0.0851063829787234,1.5498510769999998,0.41176584710427,50,,Phyloformer,12.426054239273071,0.0,Cherry,1.0,250,2026-09-16T07:54:50.979960
17_50_tips,74.0,0.7872340425531915,0.1223008470999999,0.0224720749208138,50,,Phyloformer,12.426054239273071,0.0,Cherry,1.0,250,2026-09-16T07:54:50.979960
9_50_tips,14.0,0.1489361702127659,0.9422525903999998,0.2268372623670159,50,,Phyloformer,12.426054239273071,0.0,Cherry,1.0,250,2026-09-16T07:54:50.979960
19_50_tips,12.0,0.1276595744680851,6.93649662,1.7219444629821126,50,,Phyloformer,12.426054239273071,0.0,Cherry,1.0,250,2026-09-16T07:54:50.979960
10_50_tips,12.0,0.1276595744680851,8.145067111000003,1.8832103976885144,50,,Phyloformer,12.426054239273071,0.0,Cherry,1.0,250,2026-09-16T07:54:50.979960
18_50_tips,12.0,0.1276595744680851,5.051291467,1.5203027752106562,50,,Phyloformer,12.426054239273071,0.0,Cherry,1.0,250,2026-09-16T07:54:50.979960
15_50_tips,14.0,0.1489361702127659,0.958844768,0.2104590295414605,50,,Phyloformer,12.426054239273071,0.0,Cherry,1.0,250,2026-09-16T07:54:50.979960
11_50_tips,14.0,0.1489361702127659,4.10629613,0.8711090640516795,50,,Phyloformer,12.426054239273071,0.0,Cherry,1.0,250,2026-09-16T07:54:50.979960
14_50_tips,16.0,0.1702127659574468,3.90016354,0.9850179138940428,50,,Phyloformer,12.426054239273071,0.0,Cherry,1.0,250,2026-09-16T07:54:50.979960
2_50_tips,26.0,0.2765957446808511,0.3058755841,0.0738994167237166,50,,Phyloformer,12.426054239273071,0.0,Cherry,1.0,250,2026-09-16T07:54:50.979960
6_50_tips,18.0,0.1914893617021276,6.900132150000001,1.9017134998890888,50,,Phyloformer,12.426054239273071,0.0,Cherry,1.0,250,2026-09-16T07:54:50.979960
5_50_tips,12.0,0.1276595744680851,10.69947276,2.1951416283180336,50,,Phyloformer,12.426054239273071,0.0,Cherry,1.0,250,2026-09-16T07:54:50.979960
16_50_tips,10.0,0.1063829787234042,2.08124105,0.6652608579960514,50,,Phyloformer,12.426054239273071,0.0,Cherry,1.0,250,2026-09-16T07:54:50.979960
1_50_tips,26.0,0.2765957446808511,1.5519693680000002,0.4111206361671672,50,,Phyloformer,12.426054239273071,0.0,Cherry,1.0,250,2026-09-16T07:54:50.979960
4_50_tips,80.0,0.851063829787234,0.0279673472299999,0.0057211770627358,50,,Phyloformer,12.426054239273071,0.0,Cherry,1.0,250,2026-09-16T07:54:50.979960
8_50_tips,26.0,0.2765957446808511,3.12531162,0.8615331139971675,50,,Phyloformer,12.426054239273071,0.0,Cherry,1.0,250,2026-09-16T07:54:50.979960
0_50_tips,24.0,0.2553191489361702,1.562793537999999,0.4591849207652216,50,,IQ-TREE,550.795533657074,,Cherry,1.0,250,2026-09-16T07:54:50.979960
13_50_tips,8.0,0.0851063829787234,0.6241250691000001,0.1429496178476363,50,,IQ-TREE,550.795533657074,,Cherry,1.0,250,2026-09-16T07:54:50.979960
3_50_tips,34.0,0.3617021276595745,0.21185975316,0.0404591942937712,50,,IQ-TREE,550.795533657074,,Cherry,1.0,250,2026-09-16T07:54:50.979960
7_50_tips,42.0,0.4468085106382978,0.2778730698999996,0.0698236113437018,50,,IQ-TREE,550.795533657074,,Cherry,1.0,250,2026-09-16T07:54:50.979960
12_50_tips,2.0,0.0212765957446808,1.2538298695,0.2992096135138528,50,,IQ-TREE,550.795533657074,,Cherry,1.0,250,2026-09-16T07:54:50.979960
17_50_tips,72.0,0.7659574468085106,0.1029317607,0.0209376965000669,50,,IQ-TREE,550.795533657074,,Cherry,1.0,250,2026-09-16T07:54:50.979960
9_50_tips,14.0,0.1489361702127659,0.8274259893000002,0.1969650788831129,50,,IQ-TREE,550.795533657074,,Cherry,1.0,250,2026-09-16T07:54:50.979960
19_50_tips,14.0,0.1489361702127659,5.9146784870000015,1.3826455693799384,50,,IQ-TREE,550.795533657074,,Cherry,1.0,250,2026-09-16T07:54:50.979960
10_50_tips,16.0,0.1702127659574468,6.721411434400001,1.5144780967762397,50,,IQ-TREE,550.795533657074,,Cherry,1.0,250,2026-09-16T07:54:50.979960
18_50_tips,8.0,0.0851063829787234,4.177398411,1.2122415395871582,50,,IQ-TREE,550.795533657074,,Cherry,1.0,250,2026-09-16T07:54:50.979960
15_50_tips,12.0,0.1276595744680851,0.8645207814,0.1972647705847153,50,,IQ-TREE,550.795533657074,,Cherry,1.0,250,2026-09-16T07:54:50.979960
11_50_tips,8.0,0.0851063829787234,3.5907086592,0.7574886090213312,50,,IQ-TREE,550.795533657074,,Cherry,1.0,250,2026-09-16T07:54:50.979960
14_50_tips,12.0,0.1276595744680851,3.3944475527,0.8386222121829751,50,,IQ-TREE,550.795533657074,,Cherry,1.0,250,2026-09-16T07:54:50.979960
2_50_tips,38.0,0.4042553191489361,0.2811540275999996,0.0719433459981532,50,,IQ-TREE,550.795533657074,,Cherry,1.0,250,2026-09-16T07:54:50.979960
6_50_tips,10.0,0.1063829787234042,5.455914765799999,1.4580461432070428,50,,IQ-TREE,550.795533657074,,Cherry,1.0,250,2026-09-16T07:54:50.979960
5_50_tips,8.0,0.0851063829787234,8.545477418299999,1.6938358203074966,50,,IQ-TREE,550.795533657074,,Cherry,1.0,250,2026-09-16T07:54:50.979960
16_50_tips,10.0,0.1063829787234042,1.9461082188,0.5842024080693747,50,,IQ-TREE,550.795533657074,,Cherry,1.0,250,2026-09-16T07:54:50.979960
1_50_tips,28.0,0.2978723404255319,1.3512467148999991,0.3549852813862786,50,,IQ-TREE,550.795533657074,,Cherry,1.0,250,2026-09-16T07:54:50.979960
4_50_tips,88.0,0.9361702127659576,0.02756260903,0.0069729437996673,50,,IQ-TREE,550.795533657074,,Cherry,1.0,250,2026-09-16T07:54:50.979960
8_50_tips,18.0,0.1914893617021276,2.664542399100001,0.7159203773094325,50,,IQ-TREE,550.795533657074,,Cherry,1.0,250,2026-09-16T07:54:50.979960
0_50_tips,93.0,1.0,5.878637697699999,1.1274608083412314,50,,FastME,0.1130192279815673,,Cherry,1.0,250,2026-09-16T07:54:50.979960
13_50_tips,14.0,0.1489361702127659,0.641312792,0.1429093191320399,50,,FastME,0.1130192279815673,,Cherry,1.0,250,2026-09-16T07:54:50.979960
3_50_tips,24.0,0.2553191489361702,0.21778750056,0.0410725647482514,50,,FastME,0.1130192279815673,,Cherry,1.0,250,2026-09-16T07:54:50.979960
7_50_tips,82.0,1.0,0.7115036858000002,0.1405190170188832,50,,FastME,0.1130192279815673,,Cherry,1.0,250,2026-09-16T07:54:50.979960
12_50_tips,4.0,0.0425531914893617,1.231352887,0.2860414722144211,50,,FastME,0.1130192279815673,,Cherry,1.0,250,2026-09-16T07:54:50.979960
17_50_tips,81.0,1.0,0.1865401571,0.03199048101629,50,,FastME,0.1130192279815673,,Cherry,1.0,250,2026-09-16T07:54:50.979960
9_50_tips,8.0,0.0851063829787234,0.8311982663999999,0.1930657403566573,50,,FastME,0.1130192279815673,,Cherry,1.0,250,2026-09-16T07:54:50.979960
19_50_tips,93.0,1.0,20.35605622,3.525489545344828,50,,FastME,0.1130192279815673,,Cherry,1.0,250,2026-09-16T07:54:50.979960
10_50_tips,14.0,0.1489361702127659,6.746523358999999,1.4573695803989952,50,,FastME,0.1130192279815673,,Cherry,1.0,250,2026-09-16T07:54:50.979960
18_50_tips,16.0,0.1702127659574468,4.281721347000001,1.2047127763772325,50,,FastME,0.1130192279815673,,Cherry,1.0,250,2026-09-16T07:54:50.979960
15_50_tips,18.0,0.1914893617021276,0.893022272,0.1970473048472474,50,,FastME,0.1130192279815673,,Cherry,1.0,250,2026-09-16T07:54:50.979960
11_50_tips,12.0,0.1276595744680851,3.45083594,0.7362089302665916,50,,FastME,0.1130192279815673,,Cherry,1.0,250,2026-09-16T07:54:50.979960
14_50_tips,16.0,0.1702127659574468,3.380691440000002,0.8029741215989439,50,,FastME,0.1130192279815673,,Cherry,1.0,250,2026-09-16T07:54:50.979960
2_50_tips,89.0,1.0,0.7295141725000002,0.1411183954427627,50,,FastME,0.1130192279815673,,Cherry,1.0,250,2026-09-16T07:54:50.979960
6_50_tips,20.0,0.2127659574468085,5.589096549999998,1.4692817387351202,50,,FastME,0.1130192279815673,,Cherry,1.0,250,2026-09-16T07:54:50.979960
5_50_tips,10.0,0.1063829787234042,8.12136651,1.6829758407880988,50,,FastME,0.1130192279815673,,Cherry,1.0,250,2026-09-16T07:54:50.979960
16_50_tips,12.0,0.1276595744680851,1.9270490600000003,0.5766736755272159,50,,FastME,0.1130192279815673,,Cherry,1.0,250,2026-09-16T07:54:50.979960
4_50_tips,68.0,1.0,0.05526205923,0.0191356462832885,50,,FastME,0.1130192279815673,,Cherry,1.0,250,2026-09-16T07:54:50.979960
1_50_tips,32.0,0.3404255319148936,1.297437238,0.3364862959626159,50,,FastME,0.1130192279815673,,Cherry,1.0,250,2026-09-16T07:54:50.979960
8_50_tips,30.0,0.3191489361702128,2.7517987300000004,0.7332422551548508,50,,FastME,0.1130192279815673,,Cherry,1.0,250,2026-09-16T07:54:50.979960
0_50_tips,18.0,0.1914893617021276,11.554650550000003,2.370828945742381,50,,Phyloformer,13.285662651062012,0.0,Cherry,2.0,250,2026-09-16T08:06:20.089548
13_50_tips,14.0,0.1489361702127659,0.552442332,0.1178457773211453,50,,Phyloformer,13.285662651062012,0.0,Cherry,2.0,250,2026-09-16T08:06:20.089548
3_50_tips,10.0,0.1063829787234042,15.64928382,4.364192201489207,50,,Phyloformer,13.285662651062012,0.0,Cherry,2.0,250,2026-09-16T08:06:20.089548
7_50_tips,8.0,0.0851063829787234,5.056328939999999,1.120240044376267,50,,Phyloformer,13.285662651062012,0.0,Cherry,2.0,250,2026-09-16T08:06:20.089548
12_50_tips,6.0,0.0638297872340425,11.671422289999995,2.6979261068464115,50,,Phyloformer,13.285662651062012,0.0,Cherry,2.0,250,2026-09-16T08:06:20.089548
17_50_tips,22.0,0.2340425531914893,1.3932453999999996,0.3261497943440127,50,,Phyloformer,13.285662651062012,0.0,Cherry,2.0,250,2026-09-16T08:06:20.089548
9_50_tips,10.0,0.1063829787234042,4.671873890000001,1.043222718619809,50,,Phyloformer,13.285662651062012,0.0,Cherry,2.0,250,2026-09-16T08:06:20.089548
19_50_tips,32.0,0.3404255319148936,0.9018628904,0.2262809419357577,50,,Phyloformer,13.285662651062012,0.0,Cherry,2.0,250,2026-09-16T08:06:20.089548
10_50_tips,10.0,0.1063829787234042,9.4112365,2.009052957176097,50,,Phyloformer,13.285662651062012,0.0,Cherry,2.0,250,2026-09-16T08:06:20.089548
18_50_tips,18.0,0.1914893617021276,42.79722244999999,11.534115093788705,50,,Phyloformer,13.285662651062012,0.0,Cherry,2.0,250,2026-09-16T08:06:20.089548
15_50_tips,10.0,0.1063829787234042,12.081410430000004,2.719710549527611,50,,Phyloformer,13.285662651062012,0.0,Cherry,2.0,250,2026-09-16T08:06:20.089548
11_50_tips,8.0,0.0851063829787234,16.798218114,4.720669114677397,50,,Phyloformer,13.285662651062012,0.0,Cherry,2.0,250,2026-09-16T08:06:20.089548
14_50_tips,30.0,0.3191489361702128,1.073015248,0.2753368657024649,50,,Phyloformer,13.285662651062012,0.0,Cherry,2.0,250,2026-09-16T08:06:20.089548
2_50_tips,32.0,0.3404255319148936,0.4490566925999998,0.1076492334835495,50,,Phyloformer,13.285662651062012,0.0,Cherry,2.0,250,2026-09-16T08:06:20.089548
6_50_tips,32.0,0.3404255319148936,0.4668836219999999,0.1216822963998274,50,,Phyloformer,13.285662651062012,0.0,Cherry,2.0,250,2026-09-16T08:06:20.089548
5_50_tips,10.0,0.1063829787234042,1.0615642185999998,0.226119757345675,50,,Phyloformer,13.285662651062012,0.0,Cherry,2.0,250,2026-09-16T08:06:20.089548
16_50_tips,12.0,0.1276595744680851,12.47821574,3.471906182622632,50,,Phyloformer,13.285662651062012,0.0,Cherry,2.0,250,2026-09-16T08:06:20.089548
1_50_tips,12.0,0.1276595744680851,22.05993509,5.249392787659444,50,,Phyloformer,13.285662651062012,0.0,Cherry,2.0,250,2026-09-16T08:06:20.089548
4_50_tips,12.0,0.1276595744680851,7.97410891,2.079405581592964,50,,Phyloformer,13.285662651062012,0.0,Cherry,2.0,250,2026-09-16T08:06:20.089548
8_50_tips,4.0,0.0425531914893617,3.30019185,0.9899942522198304,50,,Phyloformer,13.285662651062012,0.0,Cherry,2.0,250,2026-09-16T08:06:20.089548
0_50_tips,6.0,0.0638297872340425,8.7480424856,1.8466884389357048,50,,IQ-TREE,667.4128587245941,,Cherry,2.0,250,2026-09-16T08:06:20.089548
13_50_tips,22.0,0.2340425531914893,0.5030951028000004,0.1138863303586435,50,,IQ-TREE,667.4128587245941,,Cherry,2.0,250,2026-09-16T08:06:20.089548
7_50_tips,6.0,0.0638297872340425,4.199258977899999,0.8892132885551862,50,,IQ-TREE,667.4128587245941,,Cherry,2.0,250,2026-09-16T08:06:20.089548
3_50_tips,14.0,0.1489361702127659,12.4103066174,3.355310277889958,50,,IQ-TREE,667.4128587245941,,Cherry,2.0,250,2026-09-16T08:06:20.089548
17_50_tips,20.0,0.2127659574468085,1.2229080959999992,0.2857234360092198,50,,IQ-TREE,667.4128587245941,,Cherry,2.0,250,2026-09-16T08:06:20.089548
12_50_tips,10.0,0.1063829787234042,9.309588366199996,1.898486412034276,50,,IQ-TREE,667.4128587245941,,Cherry,2.0,250,2026-09-16T08:06:20.089548
9_50_tips,4.0,0.0425531914893617,3.903759592000001,0.8873640245774727,50,,IQ-TREE,667.4128587245941,,Cherry,2.0,250,2026-09-16T08:06:20.089548
19_50_tips,32.0,0.3404255319148936,0.8601048119000004,0.2176999028592947,50,,IQ-TREE,667.4128587245941,,Cherry,2.0,250,2026-09-16T08:06:20.089548
10_50_tips,4.0,0.0425531914893617,7.343725749999999,1.5459342660849384,50,,IQ-TREE,667.4128587245941,,Cherry,2.0,250,2026-09-16T08:06:20.089548
18_50_tips,16.0,0.1702127659574468,36.2629177433,8.622525923481804,50,,IQ-TREE,667.4128587245941,,Cherry,2.0,250,2026-09-16T08:06:20.089548
15_50_tips,12.0,0.1276595744680851,9.1287926099,1.9685879823314003,50,,IQ-TREE,667.4128587245941,,Cherry,2.0,250,2026-09-16T08:06:20.089548
11_50_tips,8.0,0.0851063829787234,10.494753094300002,3.087849282645101,50,,IQ-TREE,667.4128587245941,,Cherry,2.0,250,2026-09-16T08:06:20.089548
2_50_tips,34.0,0.3617021276595745,0.4237015116999995,0.1077695351718199,50,,IQ-TREE,667.4128587245941,,Cherry,2.0,250,2026-09-16T08:06:20.089548
14_50_tips,38.0,0.4042553191489361,1.0281316376999994,0.267812918728514,50,,IQ-TREE,667.4128587245941,,Cherry,2.0,250,2026-09-16T08:06:20.089548
5_50_tips,10.0,0.1063829787234042,1.0208291412999997,0.2065292941407546,50,,IQ-TREE,667.4128587245941,,Cherry,2.0,250,2026-09-16T08:06:20.089548
6_50_tips,30.0,0.3191489361702128,0.4294649077999996,0.1110285246793085,50,,IQ-TREE,667.4128587245941,,Cherry,2.0,250,2026-09-16T08:06:20.089548
1_50_tips,8.0,0.0851063829787234,17.440985908,3.9359902979520935,50,,IQ-TREE,667.4128587245941,,Cherry,2.0,250,2026-09-16T08:06:20.089548
16_50_tips,6.0,0.0638297872340425,9.1553159659,2.3926904384857344,50,,IQ-TREE,667.4128587245941,,Cherry,2.0,250,2026-09-16T08:06:20.089548
8_50_tips,12.0,0.1276595744680851,2.691945812600001,0.7486273830165775,50,,IQ-TREE,667.4128587245941,,Cherry,2.0,250,2026-09-16T08:06:20.089548
4_50_tips,6.0,0.0638297872340425,6.4768552513,1.6982434871962306,50,,IQ-TREE,667.4128587245941,,Cherry,2.0,250,2026-09-16T08:06:20.089548
0_50_tips,12.0,0.1276595744680851,8.727455830000004,1.863625549931692,50,,FastME,0.1237857341766357,,Cherry,2.0,250,2026-09-16T08:06:20.089548
13_50_tips,22.0,0.2340425531914893,0.5177817020000001,0.1131602120048539,50,,FastME,0.1237857341766357,,Cherry,2.0,250,2026-09-16T08:06:20.089548
7_50_tips,10.0,0.1063829787234042,4.010516879999999,0.8396156017120968,50,,FastME,0.1237857341766357,,Cherry,2.0,250,2026-09-16T08:06:20.089548
3_50_tips,20.0,0.2127659574468085,12.024362919999998,3.152349464002129,50,,FastME,0.1237857341766357,,Cherry,2.0,250,2026-09-16T08:06:20.089548
17_50_tips,24.0,0.2553191489361702,1.2921997999999997,0.2939499606862332,50,,FastME,0.1237857341766357,,Cherry,2.0,250,2026-09-16T08:06:20.089548
12_50_tips,18.0,0.1914893617021276,9.6490331,1.9359911408109327,50,,FastME,0.1237857341766357,,Cherry,2.0,250,2026-09-16T08:06:20.089548
19_50_tips,92.0,1.0,2.5725905744000004,0.4953259725544975,50,,FastME,0.1237857341766357,,Cherry,2.0,250,2026-09-16T08:06:20.089548
9_50_tips,18.0,0.1914893617021276,3.79638361,0.8440607964234169,50,,FastME,0.1237857341766357,,Cherry,2.0,250,2026-09-16T08:06:20.089548
18_50_tips,10.0,0.1063829787234042,32.229398520000004,8.614980339359695,50,,FastME,0.1237857341766357,,Cherry,2.0,250,2026-09-16T08:06:20.089548
10_50_tips,10.0,0.1063829787234042,7.171982079999999,1.5216337871869876,50,,FastME,0.1237857341766357,,Cherry,2.0,250,2026-09-16T08:06:20.089548
11_50_tips,10.0,0.1063829787234042,10.104771546,2.7335299335021443,50,,FastME,0.1237857341766357,,Cherry,2.0,250,2026-09-16T08:06:20.089548
15_50_tips,12.0,0.1276595744680851,8.336097170000002,1.792139830239671,50,,FastME,0.1237857341766357,,Cherry,2.0,250,2026-09-16T08:06:20.089548
14_50_tips,88.0,1.0,3.380167848,0.6303314955921127,50,,FastME,0.1237857341766357,,Cherry,2.0,250,2026-09-16T08:06:20.089548
2_50_tips,32.0,0.3404255319148936,0.4359547225999998,0.107060066373123,50,,FastME,0.1237857341766357,,Cherry,2.0,250,2026-09-16T08:06:20.089548
6_50_tips,90.0,1.0,1.265420502,0.2548074136127959,50,,FastME,0.1237857341766357,,Cherry,2.0,250,2026-09-16T08:06:20.089548
5_50_tips,10.0,0.1063829787234042,1.0062391186,0.2067054686393685,50,,FastME,0.1237857341766357,,Cherry,2.0,250,2026-09-16T08:06:20.089548
16_50_tips,6.0,0.0638297872340425,8.117617800000001,2.0239846698976645,50,,FastME,0.1237857341766357,,Cherry,2.0,250,2026-09-16T08:06:20.089548
1_50_tips,8.0,0.0851063829787234,16.585694920000005,3.694665857365593,50,,FastME,0.1237857341766357,,Cherry,2.0,250,2026-09-16T08:06:20.089548
4_50_tips,16.0,0.1702127659574468,6.50380434,1.662088537264146,50,,FastME,0.1237857341766357,,Cherry,2.0,250,2026-09-16T08:06:20.089548
8_50_tips,12.0,0.1276595744680851,2.59580823,0.6959600231511054,50,,FastME,0.1237857341766357,,Cherry,2.0,250,2026-09-16T08:06:20.089548
0_50_tips,10.0,0.1063829787234042,7.104215903000001,1.4842254490684428,50,,Phyloformer,13.003599405288696,0.0,Cherry,4.0,250,2026-09-16T08:20:57.031914
13_50_tips,26.0,0.2765957446808511,67.89380247999995,22.253239195096636,50,,Phyloformer,13.003599405288696,0.0,Cherry,4.0,250,2026-09-16T08:20:57.031914
3_50_tips,12.0,0.1276595744680851,19.524335970000006,4.088699083023036,50,,Phyloformer,13.003599405288696,0.0,Cherry,4.0,250,2026-09-16T08:20:57.031914
7_50_tips,10.0,0.1063829787234042,9.48977821,3.5060798909792057,50,,Phyloformer,13.003599405288696,0.0,Cherry,4.0,250,2026-09-16T08:20:57.031914
12_50_tips,20.0,0.2127659574468085,43.12995900999999,9.675561911622356,50,,Phyloformer,13.003599405288696,0.0,Cherry,4.0,250,2026-09-16T08:20:57.031914
17_50_tips,10.0,0.1063829787234042,19.20983574,4.622389760906674,50,,Phyloformer,13.003599405288696,0.0,Cherry,4.0,250,2026-09-16T08:20:57.031914
9_50_tips,18.0,0.1914893617021276,1.899413118,0.5784469707646134,50,,Phyloformer,13.003599405288696,0.0,Cherry,4.0,250,2026-09-16T08:20:57.031914
19_50_tips,14.0,0.1489361702127659,17.062470627999996,5.257384425727035,50,,Phyloformer,13.003599405288696,0.0,Cherry,4.0,250,2026-09-16T08:20:57.031914
10_50_tips,12.0,0.1276595744680851,18.811340696,5.397824208762914,50,,Phyloformer,13.003599405288696,0.0,Cherry,4.0,250,2026-09-16T08:20:57.031914
18_50_tips,14.0,0.1489361702127659,9.752256969999998,2.4488420379282028,50,,Phyloformer,13.003599405288696,0.0,Cherry,4.0,250,2026-09-16T08:20:57.031914
15_50_tips,6.0,0.0638297872340425,12.612838410000002,2.888698398185817,50,,Phyloformer,13.003599405288696,0.0,Cherry,4.0,250,2026-09-16T08:20:57.031914
11_50_tips,4.0,0.0425531914893617,9.51570674,2.7460593290212545,50,,Phyloformer,13.003599405288696,0.0,Cherry,4.0,250,2026-09-16T08:20:57.031914
14_50_tips,6.0,0.0638297872340425,12.90102229,3.4059841304618863,50,,Phyloformer,13.003599405288696,0.0,Cherry,4.0,250,2026-09-16T08:20:57.031914
2_50_tips,14.0,0.1489361702127659,17.993389470000004,4.5289939750693184,50,,Phyloformer,13.003599405288696,0.0,Cherry,4.0,250,2026-09-16T08:20:57.031914
5_50_tips,18.0,0.1914893617021276,34.717630830000004,7.533496163823449,50,,Phyloformer,13.003599405288696,0.0,Cherry,4.0,250,2026-09-16T08:20:57.031914
6_50_tips,6.0,0.0638297872340425,6.464050142,1.3067883500831723,50,,Phyloformer,13.003599405288696,0.0,Cherry,4.0,250,2026-09-16T08:20:57.031914
16_50_tips,12.0,0.1276595744680851,11.411905596,2.9519338410698874,50,,Phyloformer,13.003599405288696,0.0,Cherry,4.0,250,2026-09-16T08:20:57.031914
1_50_tips,16.0,0.1702127659574468,23.0393554,4.832056682479776,50,,Phyloformer,13.003599405288696,0.0,Cherry,4.0,250,2026-09-16T08:20:57.031914
4_50_tips,10.0,0.1063829787234042,15.195288389999998,4.867495920063669,50,,Phyloformer,13.003599405288696,0.0,Cherry,4.0,250,2026-09-16T08:20:57.031914
8_50_tips,16.0,0.1702127659574468,13.876917108,2.9234297908927496,50,,Phyloformer,13.003599405288696,0.0,Cherry,4.0,250,2026-09-16T08:20:57.031914
0_50_tips,10.0,0.1063829787234042,5.932090298099999,1.2166851879854348,50,,IQ-TREE,849.1303083896637,,Cherry,4.0,250,2026-09-16T08:20:57.031914
13_50_tips,34.0,0.3617021276595745,58.28133501610001,17.488848812865793,50,,IQ-TREE,849.1303083896637,,Cherry,4.0,250,2026-09-16T08:20:57.031914
7_50_tips,8.0,0.0851063829787234,7.462777387800001,2.503841058105112,50,,IQ-TREE,849.1303083896637,,Cherry,4.0,250,2026-09-16T08:20:57.031914
3_50_tips,10.0,0.1063829787234042,14.531429018000004,2.953310377798473,50,,IQ-TREE,849.1303083896637,,Cherry,4.0,250,2026-09-16T08:20:57.031914
17_50_tips,2.0,0.0212765957446808,14.175348564899998,3.225138095942828,50,,IQ-TREE,849.1303083896637,,Cherry,4.0,250,2026-09-16T08:20:57.031914
12_50_tips,28.0,0.2978723404255319,33.670151944299995,7.1948729465895385,50,,IQ-TREE,849.1303083896637,,Cherry,4.0,250,2026-09-16T08:20:57.031914
19_50_tips,14.0,0.1489361702127659,13.032157524800002,3.8320481464099023,50,,IQ-TREE,849.1303083896637,,Cherry,4.0,250,2026-09-16T08:20:57.031914
9_50_tips,16.0,0.1702127659574468,1.7181118018999992,0.4894625342696601,50,,IQ-TREE,849.1303083896637,,Cherry,4.0,250,2026-09-16T08:20:57.031914
18_50_tips,10.0,0.1063829787234042,7.7799000464,1.8017621727753896,50,,IQ-TREE,849.1303083896637,,Cherry,4.0,250,2026-09-16T08:20:57.031914
10_50_tips,6.0,0.0638297872340425,13.1144982496,4.112509757228269,50,,IQ-TREE,849.1303083896637,,Cherry,4.0,250,2026-09-16T08:20:57.031914
11_50_tips,10.0,0.1063829787234042,7.708577029100001,2.064383045712167,50,,IQ-TREE,849.1303083896637,,Cherry,4.0,250,2026-09-16T08:20:57.031914
15_50_tips,4.0,0.0425531914893617,9.112083159600004,2.24834379648524,50,,IQ-TREE,849.1303083896637,,Cherry,4.0,250,2026-09-16T08:20:57.031914
2_50_tips,6.0,0.0638297872340425,12.6692300152,3.077869400099168,50,,IQ-TREE,849.1303083896637,,Cherry,4.0,250,2026-09-16T08:20:57.031914
14_50_tips,4.0,0.0425531914893617,10.1885010714,2.5330907660332387,50,,IQ-TREE,849.1303083896637,,Cherry,4.0,250,2026-09-16T08:20:57.031914
6_50_tips,6.0,0.0638297872340425,5.518682949000002,1.113388337439889,50,,IQ-TREE,849.1303083896637,,Cherry,4.0,250,2026-09-16T08:20:57.031914
5_50_tips,18.0,0.1914893617021276,23.235915856400005,4.330667716764615,50,,IQ-TREE,849.1303083896637,,Cherry,4.0,250,2026-09-16T08:20:57.031914
16_50_tips,14.0,0.1489361702127659,8.751003642400002,1.9750068824481903,50,,IQ-TREE,849.1303083896637,,Cherry,4.0,250,2026-09-16T08:20:57.031914
1_50_tips,6.0,0.0638297872340425,15.167074520200002,3.248752152692233,50,,IQ-TREE,849.1303083896637,,Cherry,4.0,250,2026-09-16T08:20:57.031914
8_50_tips,14.0,0.1489361702127659,12.3268273651,3.134561831661802,50,,IQ-TREE,849.1303083896637,,Cherry,4.0,250,2026-09-16T08:20:57.031914
4_50_tips,12.0,0.1276595744680851,11.254351872399996,3.1006492540787787,50,,IQ-TREE,849.1303083896637,,Cherry,4.0,250,2026-09-16T08:20:57.031914
0_50_tips,10.0,0.1063829787234042,5.886265993000004,1.2221585555487644,50,,FastME,0.14755868911743164,,Cherry,4.0,250,2026-09-16T08:20:57.031914
13_50_tips,24.0,0.2553191489361702,56.23993571,20.37089389178311,50,,FastME,0.14755868911743164,,Cherry,4.0,250,2026-09-16T08:20:57.031914
3_50_tips,8.0,0.0851063829787234,14.203652490000003,2.9850562805232568,50,,FastME,0.14755868911743164,,Cherry,4.0,250,2026-09-16T08:20:57.031914
7_50_tips,10.0,0.1063829787234042,7.569890820000001,2.248125796812741,50,,FastME,0.14755868911743164,,Cherry,4.0,250,2026-09-16T08:20:57.031914
17_50_tips,10.0,0.1063829787234042,13.91114521,3.121770716349646,50,,FastME,0.14755868911743164,,Cherry,4.0,250,2026-09-16T08:20:57.031914
12_50_tips,20.0,0.2127659574468085,34.385716239999994,8.008171103954702,50,,FastME,0.14755868911743164,,Cherry,4.0,250,2026-09-16T08:20:57.031914
19_50_tips,14.0,0.1489361702127659,13.577102327999995,3.957079287720822,50,,FastME,0.14755868911743164,,Cherry,4.0,250,2026-09-16T08:20:57.031914
9_50_tips,22.0,0.2340425531914893,1.7205338220000002,0.5021492747573075,50,,FastME,0.14755868911743164,,Cherry,4.0,250,2026-09-16T08:20:57.031914
18_50_tips,14.0,0.1489361702127659,7.24529795,1.8058217897991045,50,,FastME,0.14755868911743164,,Cherry,4.0,250,2026-09-16T08:20:57.031914
10_50_tips,12.0,0.1276595744680851,13.642519106,4.275423138287085,50,,FastME,0.14755868911743164,,Cherry,4.0,250,2026-09-16T08:20:57.031914
11_50_tips,6.0,0.0638297872340425,7.475322690000001,1.978859079537058,50,,FastME,0.14755868911743164,,Cherry,4.0,250,2026-09-16T08:20:57.031914
15_50_tips,6.0,0.0638297872340425,9.31872934,2.162272467133559,50,,FastME,0.14755868911743164,,Cherry,4.0,250,2026-09-16T08:20:57.031914
2_50_tips,8.0,0.0851063829787234,12.75561273,3.1406406794634,50,,FastME,0.14755868911743164,,Cherry,4.0,250,2026-09-16T08:20:57.031914
14_50_tips,10.0,0.1063829787234042,9.983200169999996,2.50947304388499,50,,FastME,0.14755868911743164,,Cherry,4.0,250,2026-09-16T08:20:57.031914
5_50_tips,10.0,0.1063829787234042,23.459846190000004,5.084440275596861,50,,FastME,0.14755868911743164,,Cherry,4.0,250,2026-09-16T08:20:57.031914
6_50_tips,8.0,0.0851063829787234,4.985687012000001,1.0165745038540792,50,,FastME,0.14755868911743164,,Cherry,4.0,250,2026-09-16T08:20:57.031914
1_50_tips,10.0,0.1063829787234042,15.509444609999996,3.2102031040541434,50,,FastME,0.14755868911743164,,Cherry,4.0,250,2026-09-16T08:20:57.031914
16_50_tips,14.0,0.1489361702127659,8.747403924000002,2.002282464716325,50,,FastME,0.14755868911743164,,Cherry,4.0,250,2026-09-16T08:20:57.031914
8_50_tips,10.0,0.1063829787234042,10.147466932,2.338044106826032,50,,FastME,0.14755868911743164,,Cherry,4.0,250,2026-09-16T08:20:57.031914
4_50_tips,14.0,0.1489361702127659,12.077785240000004,2.9819651506221065,50,,FastME,0.14755868911743164,,Cherry,4.0,250,2026-09-16T08:20:57.031914
